year,state,cash,food,cashfood,cash_rs,food_rs,cashfood_rs,rk_cash,rk_cash_rs,rk_food,rk_food_rs,rk_cashfood,rk_cashfood_rs,,,,,,,,
Year,State,Cash,SNAP,Cash and Food,Cash (w/COLA),Food (w/COLA),Cash and Food (w/COLA),Rank Cash,Rank Cash (w/COLA),Rank Food,Rank Food (w/COLA),Rank Cash and Food,Rank Cash and Food (w/COLA),,,,,,,,
2001,Alabama,2.49,1.89,4.37,,,,50,,3,,50,,,,,,,,,
2001,Alaska,7.42,1.46,8.88,,,,1,,31,,1,,,,,,,,,
2001,Arizona,3.48,1.59,5.07,,,,32,,22,,32,,,,,,,,,
2001,Arkansas,2.69,1.82,4.51,,,,48,,5,,48,,,,,,,,,
2001,Californa,5.87,0.87,6.74,,,,3,,51,,6,,,,,,,,,
2001,Colorado,3.62,1.60,5.22,,,,30,,19,,29,,,,,,,,,
2001,Conneticut,3.99,1.43,5.43,,,,22,,34,,23,,,,,,,,,
2001,Delaware,3.29,1.64,4.93,,,,37,,17,,37,,,,,,,,,
2001,District of Columbia,4.40,1.45,5.85,,,,14,,32,,10,,,,,,,,,
2001,Florida,3.68,1.53,5.21,,,,29,,26,,30,,,,,,,,,
2001,Georgia,3.04,1.72,4.76,,,,42,,11,,42,,,,,,,,,
2001,Hawaii,5.52,2.89,8.41,,,,6,,1,,2,,,,,,,,,
2001,Idaho,3.33,1.63,4.97,,,,36,,18,,36,,,,,,,,,
2001,Illinois,3.34,1.65,4.99,,,,35,,16,,35,,,,,,,,,
2001,Indiana,3.22,1.71,4.93,,,,38,,12,,38,,,,,,,,,
2001,Iowa,4.19,1.41,5.60,,,,18,,36,,18,,,,,,,,,
2001,Kansas,4.00,1.49,5.49,,,,21,,27,,20,,,,,,,,,
2001,Kentucky,3.00,1.73,4.73,,,,45,,8,,45,,,,,,,,,
2001,Louisiana,3.12,1.70,4.81,,,,40,,14,,40,,,,,,,,,
2001,Maine,4.53,1.30,5.83,,,,11,,41,,11,,,,,,,,,
2001,Maryland,3.90,1.57,5.48,,,,25,,25,,21,,,,,,,,,
2001,Massachussetts,5.46,1.08,6.54,,,,7,,48,,7,,,,,,,,,
2001,Michigan,4.48,1.29,5.76,,,,13,,42,,14,,,,,,,,,
2001,Minnesota,6.26,0.93,7.19,,,,2,,50,,3,,,,,,,,,
2001,Mississippi,2.60,1.85,4.45,,,,49,,4,,49,,,,,,,,,
2001,Missouri,3.19,1.67,4.87,,,,39,,15,,39,,,,,,,,,
2001,Montana,4.66,1.23,5.89,,,,9,,46,,9,,,,,,,,,
2001,Nebraska,3.44,1.60,5.04,,,,34,,20,,34,,,,,,,,,
2001,Nevada,4.29,1.35,5.64,,,,17,,38,,17,,,,,,,,,
2001,New Hampshire,4.53,1.27,5.81,,,,10,,44,,12,,,,,,,,,
2001,New Jersey,3.73,1.58,5.31,,,,28,,23,,28,,,,,,,,,
2001,New Mexico,3.98,1.44,5.42,,,,23,,33,,24,,,,,,,,,
2001,New York,5.05,1.24,6.29,,,,8,,45,,8,,,,,,,,,
2001,North Carolina,2.99,1.73,4.72,,,,46,,7,,46,,,,,,,,,
2001,North Dakota,4.33,1.33,5.66,,,,16,,39,,16,,,,,,,,,
2001,Ohio,4.50,1.28,5.78,,,,12,,43,,13,,,,,,,,,
2001,Oklahoma,3.44,1.60,5.04,,,,33,,21,,33,,,,,,,,,
2001,Oregon,3.93,1.48,5.41,,,,24,,29,,25,,,,,,,,,
2001,Pennsylvania,3.51,1.58,5.09,,,,31,,24,,31,,,,,,,,,
2001,Rhode Island,5.68,1.07,6.75,,,,5,,49,,5,,,,,,,,,
2001,South Carolina,2.87,1.77,4.64,,,,47,,6,,47,,,,,,,,,
2001,South Dakota,3.83,1.48,5.31,,,,27,,28,,27,,,,,,,,,
2001,Tennessee,3.02,1.73,4.75,,,,43,,10,,43,,,,,,,,,
2001,Texas,3.01,1.73,4.74,,,,44,,9,,44,,,,,,,,,
2001,Utah,4.18,1.38,5.56,,,,19,,37,,19,,,,,,,,,
2001,Vermont,5.74,1.09,6.82,,,,4,,47,,4,,,,,,,,,
2001,Virginia,3.09,1.70,4.80,,,,41,,13,,41,,,,,,,,,
2001,Washington,4.35,1.33,5.67,,,,15,,40,,15,,,,,,,,,
2001,West Virginia,4.02,1.43,5.44,,,,20,,35,,22,,,,,,,,,
2001,Wisconsin,2.33,1.91,4.24,,,,51,,2,,51,,,,,,,,,
2001,Wyoming,3.85,1.48,5.33,,,,26,,30,,26,,,,,,,,,
2002,Alabama,2.54,1.96,4.50,,,,50,,3,,50,,,,,,,,,
2002,Alaska,7.41,1.60,9.00,,,,1,,28,,1,,,,,,,,,
2002,Arizona,3.51,1.67,5.18,,,,33,,21,,33,,,,,,,,,
2002,Arkansas,2.73,1.90,4.63,,,,48,,5,,48,,,,,,,,,
2002,Californa,6.08,0.90,6.98,,,,3,,51,,4,,,,,,,,,
2002,Colorado,3.46,1.68,5.15,,,,34,,19,,35,,,,,,,,,
2002,Conneticut,3.83,1.57,5.41,,,,26,,29,,27,,,,,,,,,
2002,Delaware,3.33,1.72,5.05,,,,37,,16,,37,,,,,,,,,
2002,District of Columbia,4.43,1.53,5.96,,,,14,,33,,12,,,,,,,,,
2002,Florida,3.71,1.61,5.32,,,,29,,26,,29,,,,,,,,,
2002,Georgia,3.08,1.80,4.88,,,,42,,11,,42,,,,,,,,,
2002,Hawaii,5.49,2.95,8.44,,,,6,,1,,2,,,,,,,,,
2002,Idaho,3.43,1.69,5.12,,,,36,,18,,36,,,,,,,,,
2002,Illinois,3.46,1.71,5.16,,,,35,,17,,34,,,,,,,,,
2002,Indiana,3.25,1.79,5.04,,,,38,,12,,38,,,,,,,,,
2002,Iowa,4.21,1.50,5.71,,,,18,,36,,18,,,,,,,,,
2002,Kansas,4.13,1.57,5.70,,,,20,,30,,20,,,,,,,,,
2002,Kentucky,3.04,1.81,4.85,,,,46,,7,,46,,,,,,,,,
2002,Louisiana,3.16,1.78,4.93,,,,40,,14,,40,,,,,,,,,
2002,Maine,4.67,1.35,6.02,,,,11,,43,,10,,,,,,,,,
2002,Maryland,4.09,1.61,5.70,,,,21,,25,,19,,,,,,,,,
2002,Massachussetts,5.45,1.17,6.63,,,,7,,47,,7,,,,,,,,,
2002,Michigan,4.48,1.38,5.86,,,,13,,41,,14,,,,,,,,,
2002,Minnesota,6.36,1.00,7.36,,,,2,,50,,3,,,,,,,,,
2002,Mississippi,2.65,1.93,4.58,,,,49,,4,,49,,,,,,,,,
2002,Missouri,3.23,1.75,4.98,,,,39,,15,,39,,,,,,,,,
2002,Montana,4.73,1.30,6.03,,,,9,,46,,9,,,,,,,,,
2002,Nebraska,3.52,1.67,5.19,,,,32,,22,,32,,,,,,,,,
2002,Nevada,4.32,1.43,5.75,,,,17,,38,,17,,,,,,,,,
2002,New Hampshire,4.69,1.32,6.00,,,,10,,45,,11,,,,,,,,,
2002,New Jersey,3.80,1.66,5.46,,,,27,,23,,25,,,,,,,,,
2002,New Mexico,4.00,1.52,5.52,,,,23,,34,,23,,,,,,,,,
2002,New York,5.14,1.32,6.46,,,,8,,44,,8,,,,,,,,,
2002,North Carolina,3.04,1.81,4.85,,,,45,,8,,45,,,,,,,,,
2002,North Dakota,4.34,1.42,5.76,,,,16,,39,,16,,,,,,,,,
2002,Ohio,4.50,1.37,5.87,,,,12,,42,,13,,,,,,,,,
2002,Oklahoma,3.57,1.68,5.25,,,,30,,20,,30,,,,,,,,,
2002,Oregon,3.95,1.57,5.52,,,,24,,31,,24,,,,,,,,,
2002,Pennsylvania,3.54,1.66,5.20,,,,31,,24,,31,,,,,,,,,
2002,Rhode Island,5.67,1.16,6.83,,,,5,,49,,6,,,,,,,,,
2002,South Carolina,2.92,1.85,4.76,,,,47,,6,,47,,,,,,,,,
2002,South Dakota,4.03,1.51,5.55,,,,22,,35,,22,,,,,,,,,
2002,Tennessee,3.08,1.80,4.88,,,,44,,9,,44,,,,,,,,,
2002,Texas,3.08,1.80,4.88,,,,43,,10,,43,,,,,,,,,
2002,Utah,4.19,1.47,5.66,,,,19,,37,,21,,,,,,,,,
2002,Vermont,5.80,1.16,6.96,,,,4,,48,,5,,,,,,,,,
2002,Virginia,3.13,1.78,4.91,,,,41,,13,,41,,,,,,,,,
2002,Washington,4.35,1.42,5.77,,,,15,,40,,15,,,,,,,,,
2002,West Virginia,3.73,1.60,5.34,,,,28,,27,,28,,,,,,,,,
2002,Wisconsin,2.40,1.98,4.38,,,,51,,2,,51,,,,,,,,,
2002,Wyoming,3.88,1.56,5.44,,,,25,,32,,26,,,,,,,,,
2003,Alabama,2.79,1.93,4.72,,,,49,,4,,49,,,,,,,,,
2003,Alaska,7.36,1.56,8.91,,,,1,,34,,1,,,,,,,,,
2003,Arizona,3.57,1.70,5.26,,,,33,,21,,34,,,,,,,,,
2003,Arkansas,2.82,1.92,4.74,,,,48,,5,,48,,,,,,,,,
2003,Californa,6.21,0.90,7.12,,,,3,,51,,4,,,,,,,,,
2003,Colorado,3.52,1.71,5.23,,,,35,,19,,35,,,,,,,,,
2003,Conneticut,3.88,1.60,5.49,,,,26,,28,,27,,,,,,,,,
2003,Delaware,3.39,1.75,5.14,,,,37,,16,,37,,,,,,,,,
2003,District of Columbia,4.47,1.57,6.03,,,,14,,32,,12,,,,,,,,,
2003,Florida,3.77,1.64,5.40,,,,29,,25,,29,,,,,,,,,
2003,Georgia,3.15,1.82,4.97,,,,44,,10,,44,,,,,,,,,
2003,Hawaii,5.47,3.06,8.53,,,,5,,1,,2,,,,,,,,,
2003,Idaho,3.48,1.72,5.21,,,,36,,18,,36,,,,,,,,,
2003,Illinois,3.53,1.74,5.27,,,,34,,17,,32,,,,,,,,,
2003,Indiana,3.23,1.83,5.06,,,,39,,9,,39,,,,,,,,,
2003,Iowa,4.22,1.54,5.76,,,,19,,35,,20,,,,,,,,,
2003,Kansas,4.17,1.60,5.77,,,,22,,29,,19,,,,,,,,,
2003,Kentucky,3.11,1.84,4.94,,,,46,,7,,46,,,,,,,,,
2003,Louisiana,3.22,1.80,5.03,,,,40,,14,,40,,,,,,,,,
2003,Maine,4.68,1.39,6.07,,,,11,,43,,10,,,,,,,,,
2003,Maryland,4.18,1.64,5.82,,,,20,,26,,17,,,,,,,,,
2003,Massachussetts,5.44,1.22,6.66,,,,6,,47,,6,,,,,,,,,
2003,Michigan,4.50,1.42,5.92,,,,13,,41,,14,,,,,,,,,
2003,Minnesota,6.41,1.03,7.44,,,,2,,50,,3,,,,,,,,,
2003,Mississippi,2.73,1.95,4.68,,,,50,,3,,50,,,,,,,,,
2003,Missouri,3.29,1.78,5.07,,,,38,,15,,38,,,,,,,,,
2003,Montana,4.75,1.34,6.09,,,,9,,46,,9,,,,,,,,,
2003,Nebraska,3.57,1.70,5.27,,,,32,,22,,33,,,,,,,,,
2003,Nevada,4.35,1.47,5.81,,,,17,,38,,18,,,,,,,,,
2003,New Hampshire,4.71,1.36,6.06,,,,10,,45,,11,,,,,,,,,
2003,New Jersey,3.88,1.69,5.57,,,,27,,23,,25,,,,,,,,,
2003,New Mexico,4.03,1.56,5.59,,,,23,,33,,24,,,,,,,,,
2003,New York,5.19,1.37,6.56,,,,8,,44,,7,,,,,,,,,
2003,North Carolina,3.11,1.84,4.94,,,,45,,8,,45,,,,,,,,,
2003,North Dakota,4.37,1.46,5.83,,,,16,,39,,16,,,,,,,,,
2003,Ohio,4.52,1.41,5.93,,,,12,,42,,13,,,,,,,,,
2003,Oklahoma,3.62,1.71,5.33,,,,30,,20,,30,,,,,,,,,
2003,Oregon,4.00,1.60,5.59,,,,24,,30,,23,,,,,,,,,
2003,Pennsylvania,3.60,1.69,5.28,,,,31,,24,,31,,,,,,,,,
2003,Rhode Island,5.29,1.21,6.50,,,,7,,48,,8,,,,,,,,,
2003,South Carolina,2.99,1.87,4.86,,,,47,,6,,47,,,,,,,,,
2003,South Dakota,4.18,1.51,5.70,,,,21,,36,,22,,,,,,,,,
2003,Tennessee,3.15,1.82,4.97,,,,43,,11,,43,,,,,,,,,
2003,Texas,3.17,1.82,4.98,,,,42,,12,,42,,,,,,,,,
2003,Utah,4.22,1.50,5.72,,,,18,,37,,21,,,,,,,,,
2003,Vermont,5.79,1.21,7.00,,,,4,,49,,5,,,,,,,,,
2003,Virginia,3.20,1.81,5.01,,,,41,,13,,41,,,,,,,,,
2003,Washington,4.37,1.46,5.83,,,,15,,40,,15,,,,,,,,,
2003,West Virginia,3.78,1.63,5.41,,,,28,,27,,28,,,,,,,,,
2003,Wisconsin,2.49,2.00,4.49,,,,51,,2,,51,,,,,,,,,
2003,Wyoming,3.93,1.59,5.52,,,,25,,31,,26,,,,,,,,,
2004,Alabama,2.83,1.88,4.71,,,,49,,4,,49,,,,,,,,,
2004,Alaska,7.26,1.44,8.69,,,,1,,38,,1,,,,,,,,,
2004,Arizona,3.57,1.66,5.23,,,,33,,21,,34,,,,,,,,,
2004,Arkansas,2.85,1.88,4.72,,,,48,,5,,48,,,,,,,,,
2004,Californa,6.24,0.86,7.10,,,,3,,51,,4,,,,,,,,,
2004,Colorado,3.53,1.67,5.21,,,,35,,19,,35,,,,,,,,,
2004,Conneticut,3.88,1.57,5.45,,,,26,,28,,27,,,,,,,,,
2004,Delaware,3.39,1.72,5.10,,,,37,,16,,37,,,,,,,,,
2004,District of Columbia,4.46,1.53,5.99,,,,13,,32,,11,,,,,,,,,
2004,Florida,3.77,1.60,5.37,,,,29,,25,,29,,,,,,,,,
2004,Georgia,3.17,1.78,4.95,,,,43,,11,,43,,,,,,,,,
2004,Hawaii,5.39,2.90,8.30,,,,6,,1,,2,,,,,,,,,
2004,Idaho,3.49,1.69,5.17,,,,36,,18,,36,,,,,,,,,
2004,Illinois,3.55,1.70,5.24,,,,34,,17,,33,,,,,,,,,
2004,Indiana,3.25,1.79,5.04,,,,39,,9,,39,,,,,,,,,
2004,Iowa,4.20,1.51,5.71,,,,20,,34,,19,,,,,,,,,
2004,Kansas,4.16,1.57,5.73,,,,21,,29,,18,,,,,,,,,
2004,Kentucky,3.13,1.79,4.92,,,,46,,7,,46,,,,,,,,,
2004,Louisiana,3.24,1.76,5.00,,,,40,,14,,40,,,,,,,,,
2004,Maine,4.63,1.37,6.00,,,,10,,44,,9,,,,,,,,,
2004,Maryland,4.23,1.60,5.82,,,,17,,27,,14,,,,,,,,,
2004,Massachussetts,5.38,1.20,6.58,,,,7,,47,,7,,,,,,,,,
2004,Michigan,4.48,1.39,5.87,,,,12,,42,,13,,,,,,,,,
2004,Minnesota,6.30,1.02,7.32,,,,2,,50,,3,,,,,,,,,
2004,Mississippi,2.77,1.90,4.67,,,,50,,3,,50,,,,,,,,,
2004,Missouri,3.31,1.74,5.05,,,,38,,15,,38,,,,,,,,,
2004,Montana,4.09,1.50,5.60,,,,22,,35,,22,,,,,,,,,
2004,Nebraska,3.60,1.65,5.25,,,,31,,24,,31,,,,,,,,,
2004,Nevada,4.34,1.43,5.78,,,,15,,39,,15,,,,,,,,,
2004,New Hampshire,4.66,1.33,6.00,,,,9,,45,,10,,,,,,,,,
2004,New Jersey,3.87,1.66,5.53,,,,27,,22,,25,,,,,,,,,
2004,New Mexico,4.02,1.53,5.54,,,,23,,33,,24,,,,,,,,,
2004,New York,5.56,1.22,6.78,,,,5,,46,,6,,,,,,,,,
2004,North Carolina,3.13,1.79,4.92,,,,45,,8,,45,,,,,,,,,
2004,North Dakota,4.35,1.43,5.78,,,,14,,41,,16,,,,,,,,,
2004,Ohio,4.49,1.38,5.88,,,,11,,43,,12,,,,,,,,,
2004,Oklahoma,3.63,1.67,5.30,,,,30,,20,,30,,,,,,,,,
2004,Oregon,3.99,1.56,5.55,,,,24,,30,,23,,,,,,,,,
2004,Pennsylvania,3.60,1.65,5.25,,,,32,,23,,32,,,,,,,,,
2004,Rhode Island,5.23,1.20,6.42,,,,8,,48,,8,,,,,,,,,
2004,South Carolina,3.03,1.82,4.86,,,,47,,6,,47,,,,,,,,,
2004,South Dakota,4.20,1.47,5.67,,,,19,,36,,21,,,,,,,,,
2004,Tennessee,3.16,1.78,4.95,,,,44,,10,,44,,,,,,,,,
2004,Texas,3.20,1.77,4.97,,,,42,,12,,42,,,,,,,,,
2004,Utah,4.20,1.47,5.68,,,,18,,37,,20,,,,,,,,,
2004,Vermont,5.74,1.19,6.93,,,,4,,49,,5,,,,,,,,,
2004,Virginia,3.23,1.76,4.99,,,,41,,13,,41,,,,,,,,,
2004,Washington,4.34,1.43,5.77,,,,16,,40,,17,,,,,,,,,
2004,West Virginia,3.78,1.60,5.38,,,,28,,26,,28,,,,,,,,,
2004,Wisconsin,2.54,1.95,4.50,,,,51,,2,,51,,,,,,,,,
2004,Wyoming,3.92,1.56,5.48,,,,25,,31,,26,,,,,,,,,
2005,Alabama,2.75,1.95,4.70,,,,49,,4,,49,,,,,,,,,
2005,Alaska,7.02,1.56,8.59,,,,1,,35,,1,,,,,,,,,
2005,Arizona,3.47,1.74,5.21,,,,32,,22,,33,,,,,,,,,
2005,Arkansas,2.77,1.95,4.71,,,,48,,5,,48,,,,,,,,,
2005,Californa,6.19,0.92,7.11,,,,3,,51,,4,,,,,,,,,
2005,Colorado,3.43,1.75,5.18,,,,34,,20,,34,,,,,,,,,
2005,Conneticut,3.76,1.65,5.41,,,,26,,29,,27,,,,,,,,,
2005,Delaware,3.29,1.79,5.08,,,,36,,17,,36,,,,,,,,,
2005,District of Columbia,4.50,1.62,6.11,,,,10,,32,,9,,,,,,,,,
2005,Florida,3.66,1.68,5.34,,,,28,,26,,28,,,,,,,,,
2005,Georgia,3.08,1.85,4.93,,,,44,,10,,44,,,,,,,,,
2005,Hawaii,5.19,3.04,8.23,,,,7,,1,,2,,,,,,,,,
2005,Idaho,3.37,1.77,5.14,,,,35,,19,,35,,,,,,,,,
2005,Illinois,3.45,1.77,5.22,,,,33,,18,,31,,,,,,,,,
2005,Indiana,3.16,1.86,5.02,,,,39,,8,,38,,,,,,,,,
2005,Iowa,4.05,1.60,5.65,,,,21,,34,,20,,,,,,,,,
2005,Kansas,4.04,1.65,5.69,,,,22,,30,,18,,,,,,,,,
2005,Kentucky,3.04,1.86,4.91,,,,47,,6,,47,,,,,,,,,
2005,Louisiana,3.15,1.83,4.99,,,,40,,14,,40,,,,,,,,,
2005,Maine,4.45,1.47,5.92,,,,11,,44,,11,,,,,,,,,
2005,Maryland,4.13,1.67,5.80,,,,17,,27,,14,,,,,,,,,
2005,Massachussetts,5.19,1.30,6.49,,,,6,,47,,7,,,,,,,,,
2005,Michigan,4.33,1.48,5.81,,,,13,,42,,13,,,,,,,,,
2005,Minnesota,6.20,1.10,7.29,,,,2,,50,,3,,,,,,,,,
2005,Mississippi,2.69,1.97,4.66,,,,50,,3,,50,,,,,,,,,
2005,Missouri,3.22,1.81,5.03,,,,37,,16,,37,,,,,,,,,
2005,Montana,4.11,1.54,5.65,,,,18,,38,,19,,,,,,,,,
2005,Nebraska,3.53,1.72,5.25,,,,29,,25,,30,,,,,,,,,
2005,Nevada,4.21,1.52,5.72,,,,15,,40,,15,,,,,,,,,
2005,New Hampshire,4.50,1.43,5.93,,,,9,,45,,10,,,,,,,,,
2005,New Jersey,3.75,1.73,5.48,,,,27,,23,,25,,,,,,,,,
2005,New Mexico,3.89,1.61,5.50,,,,23,,33,,23,,,,,,,,,
2005,New York,5.39,1.31,6.70,,,,5,,46,,6,,,,,,,,,
2005,North Carolina,3.04,1.86,4.91,,,,46,,7,,46,,,,,,,,,
2005,North Dakota,4.21,1.51,5.72,,,,14,,41,,16,,,,,,,,,
2005,Ohio,4.34,1.48,5.81,,,,12,,43,,12,,,,,,,,,
2005,Oklahoma,3.52,1.75,5.27,,,,30,,21,,29,,,,,,,,,
2005,Oregon,3.84,1.65,5.49,,,,24,,28,,24,,,,,,,,,
2005,Pennsylvania,3.49,1.73,5.22,,,,31,,24,,32,,,,,,,,,
2005,Rhode Island,5.05,1.30,6.35,,,,8,,48,,8,,,,,,,,,
2005,South Carolina,3.07,1.86,4.93,,,,45,,9,,45,,,,,,,,,
2005,South Dakota,4.07,1.56,5.62,,,,20,,36,,22,,,,,,,,,
2005,Tennessee,3.11,1.84,4.95,,,,43,,11,,43,,,,,,,,,
2005,Texas,3.13,1.84,4.97,,,,42,,12,,41,,,,,,,,,
2005,Utah,4.07,1.56,5.63,,,,19,,37,,21,,,,,,,,,
2005,Vermont,5.54,1.29,6.83,,,,4,,49,,5,,,,,,,,,
2005,Virginia,3.13,1.84,4.97,,,,41,,13,,42,,,,,,,,,
2005,Washington,4.19,1.52,5.71,,,,16,,39,,17,,,,,,,,,
2005,West Virginia,3.20,1.82,5.02,,,,38,,15,,39,,,,,,,,,
2005,Wisconsin,2.49,2.02,4.50,,,,51,,2,,51,,,,,,,,,
2005,Wyoming,3.80,1.64,5.44,,,,25,,31,,26,,,,,,,,,
2006,Alabama,2.72,1.90,4.62,,,,49,,4,,49,,,,,,,,,
2006,Alaska,6.86,1.56,8.42,,,,1,,33,,1,,,,,,,,,
2006,Arizona,3.41,1.69,5.10,,,,33,,22,,35,,,,,,,,,
2006,Arkansas,2.73,1.89,4.62,,,,48,,5,,48,,,,,,,,,
2006,Californa,5.88,0.95,6.83,,,,3,,51,,4,,,,,,,,,
2006,Colorado,3.37,1.70,5.07,,,,36,,21,,36,,,,,,,,,
2006,Conneticut,3.69,1.61,5.30,,,,26,,28,,28,,,,,,,,,
2006,Delaware,3.60,1.74,5.34,,,,29,,17,,26,,,,,,,,,
2006,District of Columbia,4.54,1.54,6.08,,,,9,,35,,9,,,,,,,,,
2006,Florida,3.59,1.64,5.22,,,,30,,26,,30,,,,,,,,,
2006,Georgia,3.03,1.80,4.83,,,,44,,10,,44,,,,,,,,,
2006,Hawaii,5.03,3.06,8.09,,,,7,,1,,2,,,,,,,,,
2006,Idaho,3.31,1.72,5.03,,,,37,,19,,37,,,,,,,,,
2006,Illinois,3.38,1.73,5.10,,,,35,,18,,34,,,,,,,,,
2006,Indiana,3.12,1.81,4.93,,,,40,,8,,39,,,,,,,,,
2006,Iowa,3.96,1.56,5.52,,,,22,,34,,20,,,,,,,,,
2006,Kansas,3.96,1.61,5.57,,,,21,,29,,19,,,,,,,,,
2006,Kentucky,2.99,1.81,4.81,,,,47,,6,,47,,,,,,,,,
2006,Louisiana,3.10,1.78,4.89,,,,41,,14,,41,,,,,,,,,
2006,Maine,4.33,1.44,5.77,,,,13,,42,,12,,,,,,,,,
2006,Maryland,4.08,1.62,5.70,,,,17,,27,,14,,,,,,,,,
2006,Massachussetts,5.05,1.28,6.33,,,,6,,47,,7,,,,,,,,,
2006,Michigan,4.36,1.41,5.76,,,,12,,43,,13,,,,,,,,,
2006,Minnesota,6.09,1.06,7.15,,,,2,,50,,3,,,,,,,,,
2006,Mississippi,2.66,1.91,4.57,,,,50,,3,,50,,,,,,,,,
2006,Missouri,3.17,1.76,4.93,,,,38,,16,,38,,,,,,,,,
2006,Montana,4.14,1.47,5.61,,,,14,,41,,15,,,,,,,,,
2006,Nebraska,3.60,1.68,5.27,,,,28,,25,,29,,,,,,,,,
2006,Nevada,4.13,1.47,5.61,,,,15,,40,,16,,,,,,,,,
2006,New Hampshire,4.38,1.40,5.78,,,,11,,44,,11,,,,,,,,,
2006,New Jersey,3.68,1.69,5.36,,,,27,,23,,25,,,,,,,,,
2006,New Mexico,3.80,1.57,5.37,,,,24,,32,,24,,,,,,,,,
2006,New York,5.26,1.29,6.55,,,,5,,46,,6,,,,,,,,,
2006,North Carolina,2.99,1.81,4.81,,,,46,,7,,46,,,,,,,,,
2006,North Dakota,4.11,1.48,5.59,,,,16,,39,,17,,,,,,,,,
2006,Ohio,4.42,1.39,5.80,,,,10,,45,,10,,,,,,,,,
2006,Oklahoma,3.46,1.70,5.16,,,,31,,20,,32,,,,,,,,,
2006,Oregon,3.80,1.60,5.40,,,,23,,30,,23,,,,,,,,,
2006,Pennsylvania,3.42,1.69,5.10,,,,32,,24,,33,,,,,,,,,
2006,Rhode Island,4.93,1.28,6.20,,,,8,,48,,8,,,,,,,,,
2006,South Carolina,3.02,1.81,4.83,,,,45,,9,,45,,,,,,,,,
2006,South Dakota,4.00,1.51,5.52,,,,19,,37,,21,,,,,,,,,
2006,Tennessee,3.06,1.79,4.85,,,,43,,11,,43,,,,,,,,,
2006,Texas,3.10,1.78,4.88,,,,42,,13,,42,,,,,,,,,
2006,Utah,3.97,1.52,5.49,,,,20,,36,,22,,,,,,,,,
2006,Vermont,5.40,1.27,6.67,,,,4,,49,,5,,,,,,,,,
2006,Virginia,3.41,1.79,5.19,,,,34,,12,,31,,,,,,,,,
2006,Washington,4.08,1.49,5.57,,,,18,,38,,18,,,,,,,,,
2006,West Virginia,3.15,1.77,4.92,,,,39,,15,,40,,,,,,,,,
2006,Wisconsin,2.47,1.96,4.43,,,,51,,2,,51,,,,,,,,,
2006,Wyoming,3.73,1.59,5.32,,,,25,,31,,27,,,,,,,,,
2007,Alabama,2.73,1.88,4.61,,,,49,,4,,49,,,,,,,,,
2007,Alaska,6.75,1.51,8.26,,,,1,,36,,1,,,,,,,,,
2007,Arizona,3.39,1.68,5.07,,,,34,,22,,35,,,,,,,,,
2007,Arkansas,2.74,1.88,4.61,,,,48,,5,,48,,,,,,,,,
2007,Californa,5.91,0.92,6.83,,,,3,,51,,4,,,,,,,,,
2007,Colorado,3.36,1.69,5.05,,,,36,,21,,36,,,,,,,,,
2007,Conneticut,3.72,1.58,5.30,,,,26,,30,,28,,,,,,,,,
2007,Delaware,3.60,1.73,5.33,,,,29,,17,,26,,,,,,,,,
2007,District of Columbia,4.51,1.54,6.04,,,,9,,33,,9,,,,,,,,,
2007,Florida,3.56,1.63,5.19,,,,30,,26,,30,,,,,,,,,
2007,Georgia,3.02,1.79,4.81,,,,44,,10,,44,,,,,,,,,
2007,Hawaii,4.94,3.17,8.11,,,,7,,1,,2,,,,,,,,,
2007,Idaho,3.29,1.71,5.00,,,,37,,19,,37,,,,,,,,,
2007,Illinois,3.37,1.72,5.08,,,,35,,18,,33,,,,,,,,,
2007,Indiana,3.12,1.79,4.91,,,,42,,8,,38,,,,,,,,,
2007,Iowa,3.93,1.56,5.48,,,,21,,32,,20,,,,,,,,,
2007,Kansas,3.98,1.60,5.58,,,,19,,27,,17,,,,,,,,,
2007,Kentucky,2.99,1.80,4.79,,,,47,,6,,47,,,,,,,,,
2007,Louisiana,3.10,1.77,4.87,,,,43,,12,,43,,,,,,,,,
2007,Maine,4.27,1.44,5.71,,,,15,,40,,14,,,,,,,,,
2007,Maryland,4.31,1.54,5.85,,,,13,,34,,10,,,,,,,,,
2007,Massachussetts,4.98,1.29,6.27,,,,6,,47,,7,,,,,,,,,
2007,Michigan,4.30,1.41,5.71,,,,14,,42,,15,,,,,,,,,
2007,Minnesota,6.06,1.06,7.12,,,,2,,50,,3,,,,,,,,,
2007,Mississippi,2.67,1.90,4.56,,,,50,,3,,50,,,,,,,,,
2007,Missouri,3.16,1.75,4.91,,,,38,,16,,39,,,,,,,,,
2007,Montana,4.20,1.44,5.64,,,,16,,41,,16,,,,,,,,,
2007,Nebraska,3.66,1.66,5.31,,,,28,,25,,27,,,,,,,,,
2007,Nevada,4.38,1.39,5.77,,,,10,,45,,11,,,,,,,,,
2007,New Hampshire,4.32,1.40,5.72,,,,12,,43,,13,,,,,,,,,
2007,New Jersey,3.76,1.68,5.44,,,,25,,23,,24,,,,,,,,,
2007,New Mexico,3.91,1.57,5.48,,,,23,,31,,21,,,,,,,,,
2007,New York,5.21,1.29,6.50,,,,5,,46,,6,,,,,,,,,
2007,North Carolina,2.99,1.80,4.79,,,,46,,7,,46,,,,,,,,,
2007,North Dakota,4.07,1.48,5.55,,,,17,,39,,18,,,,,,,,,
2007,Ohio,4.35,1.39,5.74,,,,11,,44,,12,,,,,,,,,
2007,Oklahoma,3.44,1.69,5.14,,,,31,,20,,32,,,,,,,,,
2007,Oregon,3.77,1.59,5.36,,,,24,,28,,25,,,,,,,,,
2007,Pennsylvania,3.40,1.68,5.08,,,,33,,24,,34,,,,,,,,,
2007,Rhode Island,4.85,1.29,6.13,,,,8,,48,,8,,,,,,,,,
2007,South Carolina,3.02,1.79,4.81,,,,45,,9,,45,,,,,,,,,
2007,South Dakota,3.96,1.51,5.47,,,,20,,37,,22,,,,,,,,,
2007,Tennessee,3.12,1.76,4.88,,,,40,,14,,41,,,,,,,,,
2007,Texas,3.12,1.76,4.88,,,,41,,13,,42,,,,,,,,,
2007,Utah,3.93,1.52,5.45,,,,22,,35,,23,,,,,,,,,
2007,Vermont,5.33,1.27,6.61,,,,4,,49,,5,,,,,,,,,
2007,Virginia,3.41,1.78,5.19,,,,32,,11,,31,,,,,,,,,
2007,Washington,4.03,1.49,5.52,,,,18,,38,,19,,,,,,,,,
2007,West Virginia,3.14,1.75,4.90,,,,39,,15,,40,,,,,,,,,
2007,Wisconsin,2.50,1.94,4.44,,,,51,,2,,51,,,,,,,,,
2007,Wyoming,3.70,1.59,5.29,,,,27,,29,,29,,,,,,,,,
2008,Alabama,2.75,1.90,4.65,3,2,5,49,49,4,4,49,39,,,,,,,,
2008,Alaska,6.58,1.64,8.21,6,2,8,1,2,27,37,2,1,,,,,,,,
2008,Arizona,3.38,1.71,5.09,3,2,5,34,43,23,30,34,48,,,,,,,,
2008,Arkansas,2.75,1.90,4.65,3,2,5,48,48,5,3,48,38,,,,,,,,
2008,Californa,5.66,1.03,6.68,5,1,6,3,4,51,51,5,11,,,,,,,,
2008,Colorado,3.35,1.72,5.07,3,2,5,36,45,20,28,36,49,,,,,,,,
2008,Conneticut,3.69,1.62,5.31,3,1,5,26,38,31,40,28,50,,,,,,,,
2008,Delaware,3.58,1.76,5.34,4,2,5,29,29,17,24,26,34,,,,,,,,
2008,District of Columbia,4.62,1.55,6.17,4,1,6,9,19,34,44,8,26,,,,,,,,
2008,Florida,3.54,1.66,5.20,3,2,5,30,32,26,31,31,44,,,,,,,,
2008,Georgia,3.03,1.82,4.84,3,2,5,46,47,9,14,46,45,,,,,,,,
2008,Hawaii,5.20,3.28,8.47,5,3,8,5,5,1,1,1,2,,,,,,,,
2008,Idaho,3.27,1.74,5.01,3,2,5,37,34,18,17,37,36,,,,,,,,
2008,Illinois,3.47,1.71,5.18,3,2,5,31,33,24,26,32,41,,,,,,,,
2008,Indiana,3.11,1.82,4.93,3,2,5,43,39,8,9,40,33,,,,,,,,
2008,Iowa,4.00,1.56,5.56,5,2,6,21,13,32,20,20,7,,,,,,,,
2008,Kansas,3.98,1.62,5.60,4,2,6,22,14,30,19,18,9,,,,,,,,
2008,Kentucky,2.99,1.83,4.82,3,2,5,47,41,7,6,47,31,,,,,,,,
2008,Louisiana,3.17,1.79,4.96,3,2,5,38,36,12,13,38,32,,,,,,,,
2008,Maine,4.19,1.49,5.68,4,2,6,15,17,40,38,16,18,,,,,,,,
2008,Maryland,4.38,1.56,5.94,4,1,5,11,21,33,42,10,27,,,,,,,,
2008,Massachussetts,4.88,1.34,6.22,5,1,6,7,11,47,47,7,14,,,,,,,,
2008,Michigan,4.42,1.45,5.87,5,2,6,10,10,43,39,11,10,,,,,,,,
2008,Minnesota,6.02,1.09,7.12,6,1,7,2,1,50,50,3,3,,,,,,,,
2008,Mississippi,2.69,1.92,4.61,3,2,5,50,50,3,2,50,40,,,,,,,,
2008,Missouri,3.16,1.78,4.94,4,2,6,39,30,16,8,39,23,,,,,,,,
2008,Montana,4.15,1.48,5.63,4,2,6,17,16,41,36,17,15,,,,,,,,
2008,Nebraska,3.62,1.69,5.32,4,2,6,28,23,25,16,27,16,,,,,,,,
2008,Nevada,4.33,1.43,5.76,4,1,6,12,18,45,43,12,20,,,,,,,,
2008,New Hampshire,4.24,1.45,5.69,4,1,5,14,22,42,45,14,28,,,,,,,,
2008,New Jersey,3.78,1.71,5.49,4,2,5,24,31,22,33,24,42,,,,,,,,
2008,New Mexico,4.16,1.53,5.69,4,2,6,16,15,36,32,15,12,,,,,,,,
2008,New York,5.13,1.34,6.46,5,1,6,6,12,48,49,6,17,,,,,,,,
2008,North Carolina,3.05,1.83,4.88,3,2,5,45,44,6,10,45,37,,,,,,,,
2008,North Dakota,4.03,1.52,5.54,5,2,6,20,8,37,22,22,6,,,,,,,,
2008,Ohio,4.28,1.44,5.72,5,2,6,13,9,44,35,13,8,,,,,,,,
2008,Oklahoma,3.43,1.72,5.15,4,2,6,32,27,19,15,33,19,,,,,,,,
2008,Oregon,3.76,1.63,5.39,4,2,6,25,25,28,29,25,25,,,,,,,,
2008,Pennsylvania,3.37,1.71,5.09,3,2,5,35,37,21,25,35,43,,,,,,,,
2008,Rhode Island,4.75,1.34,6.09,5,1,6,8,7,46,46,9,13,,,,,,,,
2008,South Carolina,3.10,1.79,4.90,3,2,5,44,40,11,11,44,35,,,,,,,,
2008,South Dakota,4.04,1.51,5.55,5,2,6,19,6,38,21,21,5,,,,,,,,
2008,Tennessee,3.15,1.78,4.93,3,2,5,40,35,15,12,41,29,,,,,,,,
2008,Texas,3.14,1.78,4.92,3,2,5,41,46,14,18,42,46,,,,,,,,
2008,Utah,3.96,1.54,5.49,4,2,6,23,20,35,34,23,21,,,,,,,,
2008,Vermont,5.43,1.27,6.70,5,1,7,4,3,49,48,4,4,,,,,,,,
2008,Virginia,3.41,1.80,5.21,3,2,5,33,42,10,23,30,47,,,,,,,,
2008,Washington,4.05,1.51,5.56,4,1,5,18,24,39,41,19,30,,,,,,,,
2008,West Virginia,3.14,1.78,4.92,4,2,6,42,28,13,7,43,22,,,,,,,,
2008,Wisconsin,2.54,1.96,4.49,3,2,5,51,51,2,5,51,51,,,,,,,,
2008,Wyoming,3.68,1.62,5.30,4,2,6,27,26,29,27,29,24,,,,,,,,
2009,Alabama,3.20,2.19,5.39,4,2,6,49,49,4,4,49,37,,,,,,,,
2009,Alaska,7.18,2.01,9.19,7,2,9,1,2,21,32,2,1,,,,,,,,
2009,Arizona,3.60,2.07,5.68,3,2,5,42,50,14,26,42,51,,,,,,,,
2009,Arkansas,3.20,2.19,5.39,4,3,6,48,47,5,3,48,33,,,,,,,,
2009,Californa,5.99,1.36,7.34,5,1,7,3,4,50,50,6,14,,,,,,,,
2009,Colorado,4.13,1.91,6.05,4,2,6,29,29,28,31,30,42,,,,,,,,
2009,Conneticut,4.20,1.89,6.09,4,2,6,27,43,30,40,29,50,,,,,,,,
2009,Delaware,4.09,2.05,6.14,4,2,6,30,30,18,25,27,41,,,,,,,,
2009,District of Columbia,5.17,1.85,7.02,5,2,6,9,21,32,43,7,25,,,,,,,,
2009,Florida,4.00,1.95,5.95,4,2,6,31,33,26,28,32,43,,,,,,,,
2009,Georgia,3.48,2.11,5.59,4,2,6,46,45,9,9,46,38,,,,,,,,
2009,Hawaii,5.66,3.73,9.39,5,3,8,6,11,1,1,1,3,,,,,,,,
2009,Idaho,3.73,2.04,5.76,4,2,6,36,36,19,17,36,40,,,,,,,,
2009,Illinois,3.94,2.00,5.94,4,2,6,32,40,24,27,33,47,,,,,,,,
2009,Indiana,3.60,2.12,5.72,4,2,6,41,38,8,11,37,36,,,,,,,,
2009,Iowa,4.47,1.86,6.33,5,2,7,23,15,31,21,21,7,,,,,,,,
2009,Kansas,4.48,1.91,6.39,5,2,7,22,16,29,19,19,10,,,,,,,,
2009,Kentucky,3.45,2.12,5.57,4,2,6,47,39,7,7,47,24,,,,,,,,
2009,Louisiana,3.63,2.09,5.72,4,2,6,37,34,11,13,38,29,,,,,,,,
2009,Maine,4.64,1.79,6.43,5,2,7,17,19,39,33,18,19,,,,,,,,
2009,Maryland,4.94,1.84,6.78,5,2,6,12,23,33,42,11,30,,,,,,,,
2009,Massachussetts,5.38,1.63,7.01,5,2,7,7,9,47,47,8,15,,,,,,,,
2009,Michigan,5.12,1.74,6.86,5,2,7,10,5,40,36,10,6,,,,,,,,
2009,Minnesota,7.07,1.23,8.29,7,1,8,2,1,51,51,3,2,,,,,,,,
2009,Mississippi,3.14,2.21,5.35,4,3,6,50,48,3,2,50,34,,,,,,,,
2009,Missouri,3.62,2.07,5.69,4,2,6,38,31,17,12,39,27,,,,,,,,
2009,Montana,4.74,1.73,6.48,5,2,7,16,12,41,35,16,11,,,,,,,,
2009,Nebraska,4.14,1.97,6.11,5,2,7,28,22,25,16,28,18,,,,,,,,
2009,Nevada,4.90,1.69,6.58,5,2,6,13,20,44,44,13,23,,,,,,,,
2009,New Hampshire,4.95,1.67,6.62,5,2,6,11,18,45,45,12,22,,,,,,,,
2009,New Jersey,4.34,2.00,6.35,4,2,6,25,35,23,38,20,48,,,,,,,,
2009,New Mexico,4.64,1.82,6.46,5,2,7,18,17,35,30,17,13,,,,,,,,
2009,New York,5.80,1.59,7.39,5,1,7,5,6,48,49,5,17,,,,,,,,
2009,North Carolina,3.55,2.12,5.67,4,2,6,45,41,6,8,44,31,,,,,,,,
2009,North Dakota,4.48,1.81,6.29,5,2,7,21,13,36,23,24,8,,,,,,,,
2009,Ohio,4.87,1.69,6.56,5,2,7,14,7,43,37,14,9,,,,,,,,
2009,Oklahoma,3.90,2.02,5.91,4,2,7,34,25,20,15,34,20,,,,,,,,
2009,Oregon,4.23,1.92,6.15,4,2,6,26,27,27,29,26,35,,,,,,,,
2009,Pennsylvania,3.83,2.00,5.83,4,2,6,35,42,22,24,35,44,,,,,,,,
2009,Rhode Island,5.23,1.63,6.86,5,2,7,8,10,46,46,9,16,,,,,,,,
2009,South Carolina,3.58,2.08,5.66,4,2,6,44,37,12,14,45,32,,,,,,,,
2009,South Dakota,4.50,1.81,6.30,5,2,7,20,8,37,20,23,5,,,,,,,,
2009,Tennessee,3.61,2.07,5.68,4,2,6,40,32,15,10,41,26,,,,,,,,
2009,Texas,3.61,2.07,5.68,4,2,6,39,46,16,18,40,46,,,,,,,,
2009,Utah,4.41,1.83,6.24,4,2,6,24,24,34,34,25,28,,,,,,,,
2009,Vermont,5.97,1.56,7.53,6,2,7,4,3,49,48,4,4,,,,,,,,
2009,Virginia,3.91,2.09,6.00,4,2,6,33,44,10,22,31,45,,,,,,,,
2009,Washington,4.51,1.80,6.31,4,2,6,19,26,38,41,22,39,,,,,,,,
2009,West Virginia,3.60,2.08,5.67,4,2,7,43,28,13,5,43,21,,,,,,,,
2009,Wisconsin,3.05,2.24,5.29,3,2,6,51,51,2,6,51,49,,,,,,,,
2009,Wyoming,4.84,1.70,6.54,5,2,7,15,14,42,39,15,12,,,,,,,,
2010,Alabama,3.12,2.60,5.71,3,3,6,49,49,4,4,49,41,,,,,,,,
2010,Alaska,6.99,2.59,9.58,7,2,9,1,2,6,20,2,1,,,,,,,,
2010,Arizona,3.51,2.48,5.99,3,2,6,41,47,16,24,41,50,,,,,,,,
2010,Arkansas,3.12,2.60,5.72,3,3,6,48,48,5,3,48,38,,,,,,,,
2010,Californa,5.84,1.78,7.62,5,2,7,3,4,50,51,6,17,,,,,,,,
2010,Colorado,4.03,2.32,6.35,4,2,6,30,29,27,31,31,40,,,,,,,,
2010,Conneticut,4.10,2.30,6.40,4,2,6,28,34,30,40,29,48,,,,,,,,
2010,Delaware,4.25,2.38,6.63,4,2,7,24,27,24,30,21,28,,,,,,,,
2010,District of Columbia,5.04,2.26,7.30,4,2,6,9,22,33,46,7,31,,,,,,,,
2010,Florida,3.90,2.36,6.26,4,2,6,32,33,25,28,33,43,,,,,,,,
2010,Georgia,3.39,2.52,5.91,4,3,6,46,46,10,15,46,45,,,,,,,,
2010,Hawaii,5.67,4.45,10.12,5,4,9,6,7,1,1,1,2,,,,,,,,
2010,Idaho,3.63,2.44,6.07,4,3,7,36,32,19,16,36,27,,,,,,,,
2010,Illinois,4.02,2.36,6.38,4,2,6,31,30,26,32,30,42,,,,,,,,
2010,Indiana,3.51,2.52,6.03,4,3,6,40,40,9,9,37,33,,,,,,,,
2010,Iowa,4.34,2.27,6.61,5,2,7,22,15,32,22,22,9,,,,,,,,
2010,Kansas,4.39,2.32,6.71,5,2,7,21,18,28,21,19,11,,,,,,,,
2010,Kentucky,3.36,2.53,5.88,4,3,6,47,42,8,6,47,29,,,,,,,,
2010,Louisiana,3.54,2.49,6.03,4,3,6,38,37,12,12,38,34,,,,,,,,
2010,Maine,4.52,2.20,6.72,5,2,7,18,17,38,33,18,16,,,,,,,,
2010,Maryland,4.81,2.25,7.07,4,2,7,11,21,34,42,11,26,,,,,,,,
2010,Massachussetts,5.25,2.05,7.29,5,2,7,7,10,47,48,8,18,,,,,,,,
2010,Michigan,4.99,2.16,7.14,5,2,7,10,6,40,37,10,6,,,,,,,,
2010,Minnesota,6.86,1.66,8.52,7,2,9,2,1,51,50,3,3,,,,,,,,
2010,Mississippi,3.06,2.61,5.67,3,3,6,50,50,3,2,50,39,,,,,,,,
2010,Missouri,3.53,2.48,6.00,4,3,6,39,39,17,13,40,35,,,,,,,,
2010,Montana,4.63,2.14,6.77,5,2,7,16,13,41,34,16,8,,,,,,,,
2010,Nebraska,4.03,2.38,6.41,4,3,7,29,24,23,17,28,19,,,,,,,,
2010,Nevada,4.78,2.10,6.88,5,2,7,13,16,44,43,13,20,,,,,,,,
2010,New Hampshire,4.81,2.09,6.90,5,2,7,12,19,45,45,12,22,,,,,,,,
2010,New Jersey,4.13,2.41,6.54,4,2,6,27,35,22,38,25,49,,,,,,,,
2010,New Mexico,4.52,2.24,6.76,5,2,7,17,14,36,27,17,12,,,,,,,,
2010,New York,5.79,1.97,7.75,5,2,7,5,5,49,49,5,15,,,,,,,,
2010,North Carolina,3.45,2.53,5.98,4,3,6,45,43,7,8,44,37,,,,,,,,
2010,North Dakota,4.20,2.27,6.48,5,2,7,25,20,31,19,27,13,,,,,,,,
2010,Ohio,4.74,2.11,6.85,5,2,7,15,8,42,36,15,7,,,,,,,,
2010,Oklahoma,3.80,2.42,6.22,4,3,7,34,28,20,14,34,21,,,,,,,,
2010,Oregon,4.17,2.32,6.49,4,2,7,26,26,29,29,26,25,,,,,,,,
2010,Pennsylvania,3.73,2.41,6.15,4,2,6,35,38,21,25,35,44,,,,,,,,
2010,Rhode Island,5.10,2.05,7.14,5,2,7,8,9,46,44,9,14,,,,,,,,
2010,South Carolina,3.49,2.48,5.98,4,3,6,44,41,13,11,45,36,,,,,,,,
2010,South Dakota,4.44,2.20,6.64,5,2,7,19,11,39,23,20,5,,,,,,,,
2010,Tennessee,3.50,2.48,5.99,4,3,6,43,36,14,10,43,32,,,,,,,,
2010,Texas,3.55,2.47,6.02,4,3,6,37,45,18,18,39,46,,,,,,,,
2010,Utah,4.31,2.24,6.55,4,2,7,23,23,35,35,24,23,,,,,,,,
2010,Vermont,5.82,1.98,7.80,6,2,8,4,3,48,47,4,4,,,,,,,,
2010,Virginia,3.81,2.50,6.31,4,2,6,33,44,11,26,32,47,,,,,,,,
2010,Washington,4.39,2.21,6.61,4,2,6,20,25,37,41,23,30,,,,,,,,
2010,West Virginia,3.50,2.48,5.99,4,3,7,42,31,15,7,42,24,,,,,,,,
2010,Wisconsin,2.96,2.65,5.61,3,3,6,51,51,2,5,51,51,,,,,,,,
2010,Wyoming,4.77,2.10,6.87,5,2,7,14,12,43,39,14,10,,,,,,,,
2011,Alabama,3.01,2.47,5.48,3,3,6,49,49,4,4,49,39,,,,,,,,
2011,Alaska,6.68,2.47,9.15,6,2,9,1,2,6,24,2,2,,,,,,,,
2011,Arizona,3.39,2.36,5.74,3,2,6,41,46,16,22,41,49,,,,,,,,
2011,Arkansas,3.01,2.47,5.48,3,3,6,48,48,5,3,48,37,,,,,,,,
2011,Californa,4.97,1.88,6.85,5,2,6,7,14,48,49,9,23,,,,,,,,
2011,Colorado,3.87,2.21,6.08,4,2,6,30,31,27,34,31,44,,,,,,,,
2011,Conneticut,4.53,2.19,6.71,4,2,6,16,23,30,40,12,26,,,,,,,,
2011,Delaware,3.82,2.34,6.16,4,2,6,31,29,19,26,28,35,,,,,,,,
2011,District of Columbia,4.87,2.14,7.01,4,2,6,9,21,35,46,6,28,,,,,,,,
2011,Florida,3.76,2.24,6.00,4,2,6,32,33,25,28,33,45,,,,,,,,
2011,Georgia,3.27,2.39,5.66,3,3,6,45,45,11,11,45,40,,,,,,,,
2011,Hawaii,5.43,4.21,9.64,5,4,9,5,6,1,1,1,1,,,,,,,,
2011,Idaho,3.49,2.32,5.82,4,2,6,36,34,20,16,36,32,,,,,,,,
2011,Illinois,3.87,2.24,6.11,4,2,6,29,28,26,30,29,42,,,,,,,,
2011,Indiana,3.42,2.40,5.81,4,3,6,38,35,10,8,37,27,,,,,,,,
2011,Iowa,4.18,2.16,6.34,5,2,7,22,13,32,19,22,8,,,,,,,,
2011,Kansas,4.24,2.20,6.44,5,2,7,21,16,29,23,20,9,,,,,,,,
2011,Kentucky,3.24,2.40,5.64,4,3,6,46,41,9,6,46,30,,,,,,,,
2011,Louisiana,3.41,2.37,5.78,4,3,6,39,39,13,14,38,33,,,,,,,,
2011,Maine,4.36,2.09,6.45,5,2,7,18,15,38,32,19,14,,,,,,,,
2011,Maryland,4.63,2.14,6.77,4,2,6,13,22,34,43,11,29,,,,,,,,
2011,Massachussetts,5.05,1.94,6.99,5,2,7,6,10,47,48,7,16,,,,,,,,
2011,Michigan,4.81,2.04,6.85,5,2,7,10,4,40,35,8,6,,,,,,,,
2011,Minnesota,6.57,1.58,8.15,7,2,8,2,1,51,51,3,3,,,,,,,,
2011,Mississippi,2.95,2.49,5.43,3,3,6,50,50,3,2,50,38,,,,,,,,
2011,Missouri,3.40,2.35,5.75,4,3,6,40,36,17,13,40,31,,,,,,,,
2011,Montana,4.45,2.04,6.48,5,2,7,17,12,41,38,17,13,,,,,,,,
2011,Nebraska,3.91,2.26,6.16,4,2,7,27,24,24,17,27,18,,,,,,,,
2011,Nevada,4.53,2.01,6.54,4,2,6,15,20,42,42,16,22,,,,,,,,
2011,New Hampshire,4.63,1.98,6.61,5,2,6,12,17,44,45,14,20,,,,,,,,
2011,New Jersey,3.98,2.29,6.27,4,2,6,26,38,22,39,24,50,,,,,,,,
2011,New Mexico,4.35,2.12,6.48,4,2,7,19,18,37,31,18,17,,,,,,,,
2011,New York,5.56,1.87,7.43,5,2,7,4,5,50,50,5,15,,,,,,,,
2011,North Carolina,3.33,2.40,5.73,4,3,6,44,43,8,10,43,36,,,,,,,,
2011,North Dakota,4.05,2.16,6.21,4,2,7,25,19,33,20,26,10,,,,,,,,
2011,Ohio,4.56,2.00,6.56,5,2,7,14,7,43,33,15,7,,,,,,,,
2011,Oklahoma,3.66,2.30,5.96,4,2,6,34,27,21,15,34,19,,,,,,,,
2011,Oregon,4.08,2.18,6.26,4,2,6,24,26,31,29,25,24,,,,,,,,
2011,Pennsylvania,3.60,2.29,5.89,4,2,6,35,37,23,25,35,41,,,,,,,,
2011,Rhode Island,4.88,1.95,6.83,5,2,7,8,9,46,44,10,11,,,,,,,,
2011,South Carolina,3.20,2.41,5.61,3,3,6,47,47,7,9,47,43,,,,,,,,
2011,South Dakota,4.28,2.09,6.37,5,2,7,20,8,39,21,21,5,,,,,,,,
2011,Tennessee,3.36,2.36,5.73,4,3,6,43,40,14,12,44,34,,,,,,,,
2011,Texas,3.43,2.34,5.77,4,2,6,37,44,18,18,39,47,,,,,,,,
2011,Utah,4.15,2.13,6.28,4,2,6,23,25,36,37,23,25,,,,,,,,
2011,Vermont,5.60,1.88,7.48,6,2,8,3,3,49,47,4,4,,,,,,,,
2011,Virginia,3.68,2.37,6.05,4,2,6,33,42,12,27,32,48,,,,,,,,
2011,Washington,3.88,2.21,6.08,4,2,6,28,32,28,36,30,46,,,,,,,,
2011,West Virginia,3.38,2.36,5.74,4,3,6,42,30,15,7,42,21,,,,,,,,
2011,Wisconsin,2.79,2.52,5.31,3,3,6,51,51,2,5,51,51,,,,,,,,
2011,Wyoming,4.65,1.98,6.63,5,2,7,11,11,45,41,13,12,,,,,,,,
2012,Alabama,3.00,2.39,5.39,3,3,6,49,50,4,4,49,40,,,,,,,,
2012,Alaska,6.63,2.39,9.02,6,2,9,1,2,6,20,2,1,,,,,,,,
2012,Arizona,3.37,2.28,5.65,3,2,6,41,45,16,18,41,49,,,,,,,,
2012,Arkansas,3.01,2.39,5.40,3,3,6,48,48,5,3,48,38,,,,,,,,
2012,Californa,4.91,1.82,6.73,5,2,6,7,14,48,49,8,27,,,,,,,,
2012,Colorado,3.84,2.14,5.98,4,2,6,30,32,27,35,31,47,,,,,,,,
2012,Conneticut,4.50,2.12,6.62,4,2,6,15,23,30,40,11,25,,,,,,,,
2012,Delaware,3.81,2.27,6.07,4,2,6,31,29,19,22,27,32,,,,,,,,
2012,District of Columbia,4.84,2.07,6.91,4,2,6,8,20,34,46,6,23,,,,,,,,
2012,Florida,3.74,2.17,5.91,4,2,6,32,34,25,28,33,44,,,,,,,,
2012,Georgia,3.25,2.32,5.57,3,2,6,45,47,11,14,45,45,,,,,,,,
2012,Hawaii,5.35,4.09,9.44,5,4,9,5,6,1,1,1,2,,,,,,,,
2012,Idaho,3.47,2.25,5.72,4,2,6,36,33,20,16,37,30,,,,,,,,
2012,Illinois,3.90,2.16,6.07,4,2,6,27,28,26,29,28,39,,,,,,,,
2012,Indiana,3.41,2.32,5.73,4,2,6,38,35,10,9,36,28,,,,,,,,
2012,Iowa,4.14,2.09,6.23,5,2,7,22,13,32,21,22,8,,,,,,,,
2012,Kansas,4.20,2.14,6.34,4,2,7,21,18,29,23,20,12,,,,,,,,
2012,Kentucky,3.22,2.32,5.55,4,3,6,46,42,9,7,46,31,,,,,,,,
2012,Louisiana,3.40,2.29,5.69,4,2,6,39,39,13,13,38,34,,,,,,,,
2012,Maine,4.32,2.03,6.34,4,2,7,18,16,38,31,19,16,,,,,,,,
2012,Maryland,4.60,2.07,6.67,4,2,6,12,21,35,42,10,24,,,,,,,,
2012,Massachussetts,4.99,1.88,6.87,5,2,7,6,10,47,48,7,14,,,,,,,,
2012,Michigan,4.61,1.94,6.55,5,2,7,11,7,42,38,13,6,,,,,,,,
2012,Minnesota,6.50,1.52,8.02,7,2,8,2,1,51,51,3,3,,,,,,,,
2012,Mississippi,2.94,2.41,5.35,3,3,6,50,49,3,2,50,36,,,,,,,,
2012,Missouri,3.39,2.28,5.66,4,2,6,40,36,17,11,40,33,,,,,,,,
2012,Montana,4.40,1.97,6.37,5,2,7,17,11,40,33,17,9,,,,,,,,
2012,Nebraska,3.88,2.19,6.06,4,2,7,28,24,24,17,29,17,,,,,,,,
2012,Nevada,4.48,1.95,6.43,4,2,6,16,19,41,43,16,22,,,,,,,,
2012,New Hampshire,4.58,1.92,6.50,4,2,6,13,15,44,45,14,19,,,,,,,,
2012,New Jersey,3.96,2.22,6.18,4,2,6,26,38,23,39,23,50,,,,,,,,
2012,New Mexico,4.32,2.06,6.37,4,2,7,19,17,37,30,18,15,,,,,,,,
2012,New York,5.59,1.78,7.37,5,2,7,3,4,50,50,4,13,,,,,,,,
2012,North Carolina,3.32,2.32,5.64,4,2,6,44,43,8,10,43,35,,,,,,,,
2012,North Dakota,4.02,2.09,6.11,4,2,7,25,22,33,26,26,18,,,,,,,,
2012,Ohio,4.58,1.92,6.50,5,2,7,14,5,43,37,15,5,,,,,,,,
2012,Oklahoma,3.64,2.23,5.87,4,2,6,34,27,21,15,34,20,,,,,,,,
2012,Oregon,4.05,2.11,6.16,4,2,6,24,26,31,32,25,29,,,,,,,,
2012,Pennsylvania,3.58,2.22,5.80,4,2,6,35,37,22,24,35,42,,,,,,,,
2012,Rhode Island,4.82,1.88,6.71,5,2,7,9,8,46,44,9,11,,,,,,,,
2012,South Carolina,3.19,2.34,5.52,3,3,6,47,46,7,8,47,41,,,,,,,,
2012,South Dakota,4.24,2.02,6.26,5,2,7,20,12,39,27,21,7,,,,,,,,
2012,Tennessee,3.34,2.29,5.63,4,2,6,43,41,14,12,44,37,,,,,,,,
2012,Texas,3.42,2.27,5.69,3,2,6,37,44,18,19,39,48,,,,,,,,
2012,Utah,4.11,2.06,6.17,4,2,6,23,25,36,36,24,26,,,,,,,,
2012,Vermont,5.54,1.81,7.36,6,2,7,4,3,49,47,5,4,,,,,,,,
2012,Virginia,3.67,2.30,5.97,4,2,6,33,40,12,25,32,46,,,,,,,,
2012,Washington,3.85,2.14,5.98,4,2,6,29,31,28,34,30,43,,,,,,,,
2012,West Virginia,3.37,2.28,5.65,4,3,6,42,30,15,6,42,21,,,,,,,,
2012,Wisconsin,2.80,2.43,5.24,3,3,6,51,51,2,5,51,51,,,,,,,,
2012,Wyoming,4.69,1.88,6.58,5,2,7,10,9,45,41,12,10,,,,,,,,
2013,Alabama,3.04,2.35,5.39,3,3,6,49,49,4,4,49,40,,,,,,,,
2013,Alaska,6.62,2.34,8.96,6,2,9,1,2,6,18,2,1,,,,,,,,
2013,Arizona,3.40,2.24,5.64,3,2,6,41,47,16,19,41,49,,,,,,,,
2013,Arkansas,3.04,2.35,5.39,3,3,6,48,48,5,3,48,37,,,,,,,,
2013,Californa,4.90,1.79,6.69,5,2,6,7,16,48,49,8,24,,,,,,,,
2013,Colorado,3.76,2.13,5.90,4,2,6,31,37,26,32,32,48,,,,,,,,
2013,Conneticut,4.43,2.08,6.51,4,2,6,17,25,30,40,14,30,,,,,,,,
2013,Delaware,3.84,2.23,6.07,4,2,6,30,29,18,21,28,27,,,,,,,,
2013,District of Columbia,4.87,2.04,6.91,4,2,6,8,21,34,47,6,31,,,,,,,,
2013,Florida,3.76,2.14,5.89,4,2,6,32,33,25,30,33,45,,,,,,,,
2013,Georgia,3.28,2.28,5.56,3,2,6,45,46,11,14,45,44,,,,,,,,
2013,Hawaii,5.34,4.15,9.49,5,4,8,5,10,1,1,1,2,,,,,,,,
2013,Idaho,3.49,2.22,5.71,4,2,6,36,32,20,16,37,29,,,,,,,,
2013,Illinois,3.98,2.13,6.11,4,2,6,27,28,27,29,26,32,,,,,,,,
2013,Indiana,3.44,2.28,5.72,4,2,6,38,35,10,8,36,28,,,,,,,,
2013,Iowa,4.27,2.06,6.34,5,2,7,21,13,32,22,19,7,,,,,,,,
2013,Kansas,4.21,2.10,6.31,4,2,7,22,18,29,23,21,12,,,,,,,,
2013,Kentucky,3.25,2.29,5.54,4,2,6,46,42,9,6,46,33,,,,,,,,
2013,Louisiana,3.43,2.25,5.69,4,2,6,39,39,13,13,39,35,,,,,,,,
2013,Maine,4.32,2.00,6.32,4,2,7,20,19,38,33,20,17,,,,,,,,
2013,Maryland,4.63,2.04,6.67,4,2,6,12,22,35,43,10,25,,,,,,,,
2013,Massachussetts,4.99,1.85,6.85,5,2,7,6,7,46,46,7,13,,,,,,,,
2013,Michigan,4.62,1.91,6.53,5,2,7,13,8,41,38,13,8,,,,,,,,
2013,Minnesota,6.52,1.49,8.02,7,2,8,2,1,51,51,3,3,,,,,,,,
2013,Mississippi,2.98,2.37,5.35,3,3,6,50,50,3,2,50,39,,,,,,,,
2013,Missouri,3.42,2.24,5.65,4,2,6,40,38,17,12,40,34,,,,,,,,
2013,Montana,4.44,1.93,6.37,5,2,7,16,12,40,35,17,10,,,,,,,,
2013,Nebraska,3.90,2.15,6.05,4,2,7,28,23,24,17,29,18,,,,,,,,
2013,Nevada,4.58,1.89,6.47,5,2,6,14,14,43,42,15,19,,,,,,,,
2013,New Hampshire,4.57,1.89,6.46,4,2,6,15,17,42,44,16,20,,,,,,,,
2013,New Jersey,4.00,2.18,6.18,4,2,6,26,36,23,39,23,50,,,,,,,,
2013,New Mexico,4.33,2.02,6.35,5,2,7,19,15,37,28,18,14,,,,,,,,
2013,New York,5.66,1.73,7.40,5,2,7,3,4,50,50,4,11,,,,,,,,
2013,North Carolina,3.34,2.29,5.63,4,2,6,44,43,8,10,43,38,,,,,,,,
2013,North Dakota,4.04,2.05,6.09,4,2,7,25,20,33,25,27,16,,,,,,,,
2013,Ohio,4.68,1.88,6.56,5,2,7,11,5,44,37,12,5,,,,,,,,
2013,Oklahoma,3.67,2.19,5.86,4,2,6,34,27,21,15,34,21,,,,,,,,
2013,Oregon,4.07,2.08,6.15,4,2,6,24,26,31,31,25,26,,,,,,,,
2013,Pennsylvania,3.60,2.18,5.78,4,2,6,35,34,22,24,35,41,,,,,,,,
2013,Rhode Island,4.82,1.86,6.68,5,2,7,9,11,45,45,9,15,,,,,,,,
2013,South Carolina,3.24,2.29,5.53,3,2,6,47,45,7,9,47,42,,,,,,,,
2013,South Dakota,4.34,1.96,6.30,5,2,7,18,9,39,27,22,6,,,,,,,,
2013,Tennessee,3.36,2.25,5.61,4,2,6,43,40,14,11,44,36,,,,,,,,
2013,Texas,3.47,2.22,5.69,4,2,6,37,44,19,20,38,46,,,,,,,,
2013,Utah,4.13,2.03,6.15,4,2,6,23,24,36,36,24,23,,,,,,,,
2013,Vermont,5.55,1.79,7.34,6,2,7,4,3,49,48,5,4,,,,,,,,
2013,Virginia,3.71,2.26,5.97,4,2,6,33,41,12,26,30,47,,,,,,,,
2013,Washington,3.86,2.11,5.97,4,2,6,29,30,28,34,31,43,,,,,,,,
2013,West Virginia,3.39,2.25,5.64,4,2,6,42,31,15,7,42,22,,,,,,,,
2013,Wisconsin,2.85,2.39,5.24,3,3,6,51,51,2,5,51,51,,,,,,,,
2013,Wyoming,4.74,1.84,6.58,5,2,7,10,6,47,41,11,9,,,,,,,,
2014,Alabama,3.02,2.11,5.13,3,2,6,49,49,4,4,49,41,,,,,,,,
2014,Alaska,6.54,1.31,7.84,6,1,8,1,2,50,51,2,3,,,,,,,,
2014,Arizona,3.38,2.01,5.38,3,2,5,41,45,15,18,41,49,,,,,,,,
2014,Arkansas,3.03,2.11,5.14,3,2,6,48,48,5,3,48,38,,,,,,,,
2014,Californa,5.38,1.41,6.78,5,1,6,5,6,49,50,6,17,,,,,,,,
2014,Colorado,3.74,1.90,5.63,4,2,6,31,35,25,32,32,46,,,,,,,,
2014,Conneticut,4.50,1.83,6.33,4,2,6,16,23,31,39,13,27,,,,,,,,
2014,Delaware,3.82,1.99,5.81,4,2,6,30,29,17,21,28,31,,,,,,,,
2014,District of Columbia,4.83,1.81,6.64,4,2,6,8,22,33,45,7,28,,,,,,,,
2014,Florida,3.73,1.90,5.63,4,2,6,32,32,24,29,33,43,,,,,,,,
2014,Georgia,3.26,2.04,5.30,3,2,6,45,47,9,12,45,44,,,,,,,,
2014,Hawaii,5.26,3.33,8.58,5,3,8,6,11,1,1,1,2,,,,,,,,
2014,Idaho,3.46,1.98,5.45,4,2,6,36,33,19,16,37,33,,,,,,,,
2014,Illinois,3.95,1.89,5.84,4,2,6,27,27,26,27,26,29,,,,,,,,
2014,Indiana,3.41,2.05,5.46,4,2,6,38,36,8,8,36,30,,,,,,,,
2014,Iowa,4.25,1.83,6.08,5,2,7,21,14,30,22,18,7,,,,,,,,
2014,Kansas,4.18,1.87,6.04,4,2,6,22,19,28,23,21,13,,,,,,,,
2014,Kentucky,3.23,2.05,5.28,4,2,6,46,43,7,6,46,32,,,,,,,,
2014,Louisiana,3.41,2.02,5.43,4,2,6,39,38,11,13,39,34,,,,,,,,
2014,Maine,4.27,1.77,6.04,5,2,6,20,15,36,26,22,11,,,,,,,,
2014,Maryland,4.77,1.75,6.52,4,2,6,9,20,37,44,9,22,,,,,,,,
2014,Massachussetts,4.94,1.63,6.57,5,2,6,7,12,45,47,8,16,,,,,,,,
2014,Michigan,4.56,1.69,6.24,5,2,7,13,10,40,37,14,9,,,,,,,,
2014,Minnesota,6.36,1.31,7.66,6,1,8,2,1,51,49,3,1,,,,,,,,
2014,Mississippi,2.96,2.13,5.09,3,2,6,50,50,3,2,50,40,,,,,,,,
2014,Missouri,3.39,2.00,5.40,4,2,6,40,40,16,14,40,37,,,,,,,,
2014,Montana,4.39,1.70,6.09,5,2,6,17,13,39,35,17,14,,,,,,,,
2014,Nebraska,3.90,1.91,5.81,4,2,6,28,24,23,17,29,18,,,,,,,,
2014,Nevada,4.54,1.66,6.20,5,2,6,14,16,42,40,15,19,,,,,,,,
2014,New Hampshire,4.51,1.67,6.18,4,2,6,15,18,41,41,16,21,,,,,,,,
2014,New Jersey,3.97,1.95,5.92,4,2,5,26,37,22,36,24,50,,,,,,,,
2014,New Mexico,4.29,1.79,6.08,4,2,6,19,17,35,30,19,15,,,,,,,,
2014,New York,5.61,1.51,7.12,5,1,7,3,4,48,48,4,8,,,,,,,,
2014,North Carolina,3.23,2.05,5.28,3,2,6,47,46,6,9,47,42,,,,,,,,
2014,North Dakota,4.00,1.82,5.82,4,2,6,25,21,32,25,27,20,,,,,,,,
2014,Ohio,4.70,1.64,6.35,5,2,7,12,5,43,38,12,5,,,,,,,,
2014,Oklahoma,3.64,1.96,5.60,4,2,6,34,28,20,15,34,23,,,,,,,,
2014,Oregon,4.08,1.84,5.92,4,2,6,24,26,29,31,23,25,,,,,,,,
2014,Pennsylvania,3.57,1.95,5.52,4,2,6,35,34,21,20,35,39,,,,,,,,
2014,Rhode Island,4.77,1.63,6.40,5,2,6,10,9,44,42,10,12,,,,,,,,
2014,South Carolina,3.37,2.01,5.38,4,2,6,42,39,14,11,42,35,,,,,,,,
2014,South Dakota,4.36,1.71,6.07,5,2,7,18,8,38,28,20,6,,,,,,,,
2014,Tennessee,3.33,2.02,5.35,4,2,6,44,41,12,10,44,36,,,,,,,,
2014,Texas,3.46,1.98,5.44,4,2,6,37,44,18,19,38,48,,,,,,,,
2014,Utah,4.09,1.79,5.88,4,2,6,23,25,34,33,25,24,,,,,,,,
2014,Vermont,5.49,1.56,7.05,6,2,7,4,3,47,46,5,4,,,,,,,,
2014,Virginia,3.69,2.03,5.71,4,2,6,33,42,10,24,30,47,,,,,,,,
2014,Washington,3.83,1.87,5.70,4,2,6,29,31,27,34,31,45,,,,,,,,
2014,West Virginia,3.37,2.01,5.38,4,2,6,43,30,13,7,43,26,,,,,,,,
2014,Wisconsin,2.84,2.15,5.00,3,2,5,51,51,2,5,51,51,,,,,,,,
2014,Wyoming,4.75,1.59,6.35,5,2,6,11,7,46,43,11,10,,,,,,,,
2015,Alabama,3.09,2.21,5.30,3,2,6,49,49,4,4,49,40,,,,,,,,
2015,Alaska,6.64,2.05,8.69,6,2,8,2,3,21,30,2,2,,,,,,,,
2015,Arizona,3.44,2.10,5.55,4,2,6,42,45,13,18,42,50,,,,,,,,
2015,Arkansas,3.10,2.21,5.30,3,2,6,48,48,5,3,48,38,,,,,,,,
2015,Californa,5.76,1.46,7.21,5,1,7,5,5,49,50,7,14,,,,,,,,
2015,Colorado,4.00,2.00,6.00,4,2,6,29,32,26,32,29,41,,,,,,,,
2015,Conneticut,4.58,1.93,6.51,4,2,6,16,24,31,39,13,25,,,,,,,,
2015,Delaware,3.90,2.09,5.99,4,2,6,32,29,16,20,30,31,,,,,,,,
2015,District of Columbia,4.94,1.90,6.84,4,2,6,9,22,34,45,9,28,,,,,,,,
2015,Florida,3.80,2.00,5.79,4,2,6,33,37,25,29,33,48,,,,,,,,
2015,Georgia,3.33,2.14,5.47,4,2,6,45,47,9,13,45,47,,,,,,,,
2015,Hawaii,5.32,4.37,9.69,5,4,9,7,14,1,1,1,1,,,,,,,,
2015,Idaho,3.53,2.08,5.61,4,2,6,37,36,17,16,38,35,,,,,,,,
2015,Illinois,4.03,1.99,6.02,4,2,6,28,27,27,26,27,30,,,,,,,,
2015,Indiana,3.49,2.14,5.63,4,2,6,38,34,8,7,36,26,,,,,,,,
2015,Iowa,4.32,1.93,6.25,5,2,7,21,13,30,19,19,8,,,,,,,,
2015,Kansas,4.25,1.96,6.22,5,2,7,22,17,28,21,22,12,,,,,,,,
2015,Kentucky,3.30,2.15,5.45,4,2,6,46,43,7,6,46,32,,,,,,,,
2015,Louisiana,3.48,2.11,5.59,4,2,6,39,40,10,12,39,34,,,,,,,,
2015,Maine,4.34,1.87,6.20,5,2,6,20,19,37,31,23,18,,,,,,,,
2015,Maryland,4.90,1.84,6.74,5,2,6,11,18,38,44,10,22,,,,,,,,
2015,Massachussetts,5.22,1.66,6.88,5,2,7,8,8,46,47,8,15,,,,,,,,
2015,Michigan,4.62,1.78,6.41,5,2,7,15,10,40,35,15,9,,,,,,,,
2015,Minnesota,6.73,1.32,8.04,7,1,8,1,1,50,49,3,3,,,,,,,,
2015,Mississippi,3.03,2.22,5.25,3,2,6,50,50,3,2,50,39,,,,,,,,
2015,Missouri,3.46,2.10,5.56,4,2,6,40,38,15,11,40,33,,,,,,,,
2015,Montana,4.71,1.72,6.43,5,2,7,13,11,45,40,14,10,,,,,,,,
2015,Nebraska,3.99,2.00,5.99,4,2,6,30,23,24,17,31,17,,,,,,,,
2015,Nevada,4.63,1.75,6.38,5,2,6,14,15,42,41,16,20,,,,,,,,
2015,New Hampshire,4.57,1.76,6.34,4,2,6,17,20,41,42,17,24,,,,,,,,
2015,New Jersey,4.25,2.04,6.30,4,2,6,23,31,23,36,18,46,,,,,,,,
2015,New Mexico,4.36,1.89,6.25,5,2,7,19,16,36,27,20,13,,,,,,,,
2015,New York,5.70,1.60,7.30,5,1,7,6,6,47,48,6,11,,,,,,,,
2015,North Carolina,3.30,2.15,5.45,4,2,6,47,46,6,9,47,43,,,,,,,,
2015,North Dakota,4.09,1.91,6.00,4,2,6,26,21,33,24,28,19,,,,,,,,
2015,Ohio,4.80,1.73,6.53,5,2,7,12,7,43,37,12,6,,,,,,,,
2015,Oklahoma,3.71,2.05,5.77,4,2,6,34,28,20,15,34,21,,,,,,,,
2015,Oregon,4.15,1.94,6.09,4,2,6,25,26,29,33,24,29,,,,,,,,
2015,Pennsylvania,3.64,2.04,5.68,4,2,6,35,39,22,23,35,44,,,,,,,,
2015,Rhode Island,4.91,1.73,6.63,5,2,7,10,12,44,43,11,16,,,,,,,,
2015,South Carolina,3.45,2.10,5.55,4,2,6,41,41,14,14,41,36,,,,,,,,
2015,South Dakota,4.42,1.81,6.23,5,2,7,18,9,39,25,21,7,,,,,,,,
2015,Tennessee,3.40,2.11,5.51,4,2,6,44,42,11,10,44,37,,,,,,,,
2015,Texas,3.53,2.08,5.61,4,2,6,36,44,18,22,37,49,,,,,,,,
2015,Utah,4.15,1.89,6.04,4,2,6,24,25,35,34,25,23,,,,,,,,
2015,Vermont,5.78,1.60,7.38,6,2,7,4,4,48,46,5,5,,,,,,,,
2015,Virginia,3.98,2.06,6.04,4,2,6,31,33,19,28,26,42,,,,,,,,
2015,Washington,4.05,1.92,5.97,4,2,6,27,30,32,38,32,45,,,,,,,,
2015,West Virginia,3.44,2.10,5.54,4,2,6,43,35,12,8,43,27,,,,,,,,
2015,Wisconsin,2.92,2.25,5.17,3,2,6,51,51,2,5,51,51,,,,,,,,
2015,Wyoming,6.47,1.20,7.67,7,1,8,3,2,51,51,4,4,,,,,,,,
2016,Alabama,3.04,2.17,5.21,3,2,6,49,50,5,4,49,43,,,,,,,,
2016,Alaska,6.51,2.20,8.71,6,2,8,2,3,3,18,2,3,,,,,,,,
2016,Arizona,3.39,2.06,5.45,3,2,6,42,47,14,19,42,50,,,,,,,,
2016,Arkansas,3.04,2.16,5.21,3,2,6,48,48,6,3,48,37,,,,,,,,
2016,Californa,5.67,1.43,7.10,5,1,7,5,5,49,49,7,13,,,,,,,,
2016,Colorado,3.94,1.96,5.90,4,2,6,31,32,25,34,30,41,,,,,,,,
2016,Conneticut,4.51,1.89,6.40,4,2,6,16,24,30,40,13,27,,,,,,,,
2016,Delaware,3.84,2.05,5.88,4,2,6,32,30,17,21,31,30,,,,,,,,
2016,District of Columbia,4.88,1.85,6.73,4,2,6,9,21,34,44,9,24,,,,,,,,
2016,Florida,3.74,1.96,5.69,4,2,6,33,38,24,31,33,47,,,,,,,,
2016,Georgia,3.27,2.10,5.37,3,2,6,45,46,10,12,45,46,,,,,,,,
2016,Hawaii,5.22,4.54,9.76,5,4,9,8,14,1,1,1,1,,,,,,,,
2016,Idaho,3.47,2.04,5.51,4,2,6,37,34,18,13,38,31,,,,,,,,
2016,Illinois,3.96,1.95,5.91,4,2,6,30,27,26,28,28,32,,,,,,,,
2016,Indiana,3.43,2.10,5.53,4,2,6,38,36,9,8,36,28,,,,,,,,
2016,Iowa,4.25,1.89,6.14,5,2,7,23,15,29,17,21,8,,,,,,,,
2016,Kansas,4.18,1.93,6.11,5,2,7,24,19,27,20,23,12,,,,,,,,
2016,Kentucky,3.25,2.10,5.35,4,2,6,46,42,8,6,46,33,,,,,,,,
2016,Louisiana,3.42,2.07,5.50,4,2,6,39,40,11,14,39,35,,,,,,,,
2016,Maine,4.26,1.83,6.09,4,2,6,22,20,37,30,24,20,,,,,,,,
2016,Maryland,4.83,1.80,6.63,5,2,6,11,18,38,42,10,21,,,,,,,,
2016,Massachussetts,5.29,1.63,6.92,5,2,6,7,9,46,47,8,17,,,,,,,,
2016,Michigan,4.54,1.75,6.29,5,2,7,14,11,40,35,15,10,,,,,,,,
2016,Minnesota,7.12,1.14,8.25,7,1,8,1,1,51,51,3,2,,,,,,,,
2016,Mississippi,2.98,2.18,5.16,3,2,6,50,49,4,2,50,38,,,,,,,,
2016,Missouri,3.41,2.06,5.46,4,2,6,41,37,15,10,41,34,,,,,,,,
2016,Montana,4.64,1.69,6.32,5,2,7,13,10,45,39,14,11,,,,,,,,
2016,Nebraska,4.33,1.84,6.17,5,2,7,19,13,36,25,19,9,,,,,,,,
2016,Nevada,4.54,1.72,6.26,5,2,6,15,16,42,41,17,19,,,,,,,,
2016,New Hampshire,4.50,1.73,6.23,4,2,6,17,23,41,45,18,29,,,,,,,,
2016,New Jersey,4.28,2.00,6.29,4,2,6,21,29,22,36,16,40,,,,,,,,
2016,New Mexico,4.29,1.85,6.14,5,2,7,20,17,35,27,22,14,,,,,,,,
2016,New York,5.60,1.57,7.17,5,1,7,6,7,47,48,6,15,,,,,,,,
2016,North Carolina,3.24,2.11,5.35,3,2,6,47,45,7,9,47,45,,,,,,,,
2016,North Dakota,4.03,1.87,5.90,4,2,6,27,22,32,24,29,18,,,,,,,,
2016,Ohio,4.72,1.70,6.42,5,2,7,12,6,43,37,12,6,,,,,,,,
2016,Oklahoma,3.65,2.01,5.66,4,2,6,34,28,20,15,34,22,,,,,,,,
2016,Oregon,4.08,1.90,5.98,4,2,6,26,26,28,32,25,25,,,,,,,,
2016,Pennsylvania,3.58,2.00,5.58,4,2,6,35,39,21,23,35,44,,,,,,,,
2016,Rhode Island,4.87,1.69,6.56,5,2,7,10,12,44,43,11,16,,,,,,,,
2016,South Carolina,3.41,2.06,5.46,4,2,6,40,41,16,16,40,39,,,,,,,,
2016,South Dakota,4.40,1.76,6.16,5,2,7,18,8,39,26,20,7,,,,,,,,
2016,Tennessee,3.34,2.07,5.41,4,2,6,44,44,12,11,44,42,,,,,,,,
2016,Texas,3.49,2.03,5.52,4,2,6,36,43,19,22,37,48,,,,,,,,
2016,Utah,4.08,1.85,5.94,4,2,6,25,25,33,33,27,23,,,,,,,,
2016,Vermont,5.68,1.57,7.25,6,2,7,4,4,48,46,5,5,,,,,,,,
2016,Virginia,3.97,2.00,5.97,4,2,6,29,31,23,29,26,36,,,,,,,,
2016,Washington,3.98,1.88,5.87,4,2,6,28,33,31,38,32,49,,,,,,,,
2016,West Virginia,3.38,2.06,5.45,4,2,6,43,35,13,7,43,26,,,,,,,,
2016,Wisconsin,2.87,2.20,5.07,3,2,5,51,51,2,5,51,51,,,,,,,,
2016,Wyoming,6.38,1.16,7.54,7,1,8,3,2,50,50,4,4,,,,,,,,
2017,Alabama,2.96,2.09,5.05,3,2,6,49,50,5,4,49,41,,,,,,,,
2017,Alaska,6.31,2.13,8.44,6,2,8,2,3,2,21,2,3,,,,,,,,
2017,Arizona,3.30,1.99,5.29,3,2,5,42,46,14,18,42,49,,,,,,,,
2017,Arkansas,2.96,2.09,5.05,3,2,6,48,47,6,3,48,34,,,,,,,,
2017,Californa,5.58,1.36,6.94,5,1,6,5,7,48,48,8,16,,,,,,,,
2017,Colorado,3.84,1.89,5.72,4,2,6,31,32,25,31,29,44,,,,,,,,
2017,Conneticut,4.30,1.82,6.12,4,2,6,17,25,30,39,15,35,,,,,,,,
2017,Delaware,3.73,1.98,5.71,4,2,6,32,31,17,23,31,28,,,,,,,,
2017,District of Columbia,4.96,1.73,6.68,5,2,6,10,17,37,44,9,20,,,,,,,,
2017,Florida,3.63,1.89,5.52,4,2,5,33,38,24,29,33,46,,,,,,,,
2017,Georgia,3.18,2.02,5.21,3,2,5,45,48,10,15,45,47,,,,,,,,
2017,Hawaii,5.07,4.56,9.63,5,4,9,8,16,1,1,1,1,,,,,,,,
2017,Idaho,3.37,1.97,5.34,4,2,6,37,40,18,16,38,39,,,,,,,,
2017,Illinois,3.93,1.88,5.81,4,2,6,27,27,26,28,26,29,,,,,,,,
2017,Indiana,3.34,2.03,5.36,4,2,6,38,34,9,8,36,26,,,,,,,,
2017,Iowa,4.14,1.83,5.96,5,2,7,23,15,29,17,21,10,,,,,,,,
2017,Kansas,4.07,1.86,5.93,4,2,6,24,19,27,20,23,13,,,,,,,,
2017,Kentucky,3.16,2.03,5.19,4,2,6,46,41,8,6,46,31,,,,,,,,
2017,Louisiana,3.33,2.00,5.33,4,2,6,39,36,12,10,39,30,,,,,,,,
2017,Maine,4.14,1.77,5.90,4,2,6,22,23,35,33,24,22,,,,,,,,
2017,Maryland,4.76,1.72,6.48,4,2,6,12,18,38,42,11,21,,,,,,,,
2017,Massachussetts,5.03,1.61,6.63,5,1,6,9,13,45,46,10,19,,,,,,,,
2017,Michigan,4.42,1.69,6.10,5,2,7,15,11,40,32,16,11,,,,,,,,
2017,Minnesota,6.90,1.10,8.00,7,1,8,1,1,51,51,3,2,,,,,,,,
2017,Mississippi,2.90,2.11,5.00,3,2,6,50,49,4,2,50,37,,,,,,,,
2017,Missouri,3.31,1.99,5.30,4,2,6,41,35,15,11,41,32,,,,,,,,
2017,Montana,4.51,1.63,6.13,5,2,7,14,10,44,38,14,12,,,,,,,,
2017,Nebraska,4.27,1.76,6.02,5,2,7,19,12,36,24,19,9,,,,,,,,
2017,Nevada,4.38,1.67,6.04,4,2,6,16,21,41,41,18,24,,,,,,,,
2017,New Hampshire,5.92,1.20,7.12,6,1,7,4,4,49,50,5,8,,,,,,,,
2017,New Jersey,4.16,1.93,6.10,4,2,6,21,30,22,37,17,42,,,,,,,,
2017,New Mexico,4.17,1.79,5.96,4,2,6,20,22,34,30,22,18,,,,,,,,
2017,New York,5.45,1.51,6.97,5,1,6,7,8,46,47,7,15,,,,,,,,
2017,North Carolina,3.16,2.03,5.19,3,2,6,47,45,7,9,47,43,,,,,,,,
2017,North Dakota,3.92,1.80,5.72,4,2,6,28,20,32,19,30,14,,,,,,,,
2017,Ohio,4.67,1.63,6.30,5,2,7,13,6,42,36,13,6,,,,,,,,
2017,Oklahoma,3.55,1.94,5.50,4,2,6,34,26,20,13,34,23,,,,,,,,
2017,Oregon,3.96,1.84,5.80,4,2,6,26,28,28,35,27,36,,,,,,,,
2017,Pennsylvania,3.48,1.94,5.42,4,2,5,35,42,21,25,35,48,,,,,,,,
2017,Rhode Island,4.78,1.63,6.41,5,2,6,11,14,43,43,12,17,,,,,,,,
2017,South Carolina,3.32,1.98,5.30,4,2,6,40,39,16,14,40,38,,,,,,,,
2017,South Dakota,4.28,1.70,5.98,5,2,7,18,9,39,26,20,7,,,,,,,,
2017,Tennessee,3.24,2.00,5.24,3,2,6,44,44,11,12,44,40,,,,,,,,
2017,Texas,3.40,1.96,5.36,3,2,5,36,43,19,22,37,45,,,,,,,,
2017,Utah,3.97,1.79,5.76,4,2,6,25,24,33,34,28,27,,,,,,,,
2017,Vermont,5.52,1.51,7.03,6,2,7,6,5,47,45,6,5,,,,,,,,
2017,Virginia,3.89,1.92,5.82,4,2,6,29,29,23,27,25,33,,,,,,,,
2017,Washington,3.87,1.82,5.69,4,2,5,30,37,31,40,32,50,,,,,,,,
2017,West Virginia,3.29,1.99,5.28,4,2,6,43,33,13,7,43,25,,,,,,,,
2017,Wisconsin,2.79,2.13,4.92,3,2,5,51,51,3,5,51,51,,,,,,,,
2017,Wyoming,6.21,1.12,7.32,6,1,8,3,2,50,49,4,4,,,,,,,,
2018,Alabama,3.33,1.97,5.31,4,2,6,49,46,4,3,49,35,,,,,,,,
2018,Alaska,6.59,1.91,8.50,6,2,8,2,3,8,25,2,4,,,,,,,,
2018,Arizona,3.66,1.88,5.54,4,2,6,43,50,13,17,43,49,,,,,,,,
2018,Arkansas,3.33,1.97,5.31,4,2,6,48,45,5,4,48,36,,,,,,,,
2018,Californa,5.90,1.26,7.16,5,1,6,5,7,48,48,7,21,,,,,,,,
2018,Colorado,4.19,1.77,5.96,4,2,6,31,30,25,27,30,40,,,,,,,,
2018,Conneticut,4.64,1.71,6.35,4,2,6,18,25,30,36,16,32,,,,,,,,
2018,Delaware,4.08,1.86,5.95,4,2,6,33,34,16,20,33,39,,,,,,,,
2018,District of Columbia,5.51,1.55,7.06,5,1,6,9,16,41,46,9,25,,,,,,,,
2018,Florida,3.99,1.78,5.77,4,2,6,34,41,24,29,34,47,,,,,,,,
2018,Georgia,3.62,1.89,5.51,4,2,6,44,47,11,16,44,43,,,,,,,,
2018,Hawaii,5.53,4.49,10.02,5,4,9,8,13,1,1,1,1,,,,,,,,
2018,Idaho,3.73,1.85,5.59,4,2,6,39,37,17,15,40,33,,,,,,,,
2018,Illinois,4.35,1.77,6.12,4,2,6,26,28,26,30,25,34,,,,,,,,
2018,Indiana,3.70,1.91,5.61,4,2,6,40,40,9,11,37,37,,,,,,,,
2018,Iowa,4.47,1.72,6.19,5,2,7,23,21,29,21,23,12,,,,,,,,
2018,Kansas,4.42,1.75,6.17,5,2,7,24,22,27,18,24,14,,,,,,,,
2018,Kentucky,3.52,1.92,5.44,4,2,6,46,42,7,5,46,30,,,,,,,,
2018,Louisiana,3.70,1.88,5.58,4,2,6,41,36,12,8,41,28,,,,,,,,
2018,Maine,4.80,1.56,6.36,5,2,7,15,17,39,40,15,18,,,,,,,,
2018,Maryland,5.20,1.59,6.79,5,1,6,11,20,36,43,11,23,,,,,,,,
2018,Massachussetts,5.34,1.50,6.85,5,1,6,10,15,45,45,10,24,,,,,,,,
2018,Michigan,4.74,1.59,6.33,5,2,7,16,11,38,33,18,13,,,,,,,,
2018,Minnesota,7.10,1.03,8.13,7,1,8,1,1,50,51,3,3,,,,,,,,
2018,Mississippi,3.27,1.99,5.26,4,2,6,50,48,3,2,50,31,,,,,,,,
2018,Missouri,3.68,1.87,5.55,4,2,6,42,39,14,13,42,38,,,,,,,,
2018,Montana,4.83,1.53,6.35,5,2,7,14,9,43,34,17,8,,,,,,,,
2018,Nebraska,4.60,1.65,6.25,5,2,7,21,12,35,26,20,9,,,,,,,,
2018,Nevada,4.72,1.56,6.28,5,2,7,17,19,40,38,19,17,,,,,,,,
2018,New Hampshire,6.27,1.09,7.37,6,1,7,4,4,49,50,5,6,,,,,,,,
2018,New Jersey,4.64,1.80,6.43,4,2,6,19,31,23,39,14,44,,,,,,,,
2018,New Mexico,4.51,1.68,6.19,5,2,7,22,18,33,24,22,11,,,,,,,,
2018,New York,5.75,1.42,7.16,5,1,7,7,8,46,47,8,15,,,,,,,,
2018,North Carolina,3.52,1.92,5.44,4,2,6,47,49,6,10,47,42,,,,,,,,
2018,North Dakota,4.27,1.69,5.96,5,2,7,29,23,31,23,31,16,,,,,,,,
2018,Ohio,5.02,1.52,6.54,5,2,7,13,6,44,37,13,7,,,,,,,,
2018,Oklahoma,3.91,1.83,5.74,4,2,6,35,27,20,12,35,22,,,,,,,,
2018,Oregon,4.31,1.73,6.04,4,2,6,28,33,28,35,28,45,,,,,,,,
2018,Pennsylvania,3.84,1.82,5.66,4,2,6,36,43,21,22,36,46,,,,,,,,
2018,Rhode Island,5.10,1.53,6.63,5,1,6,12,14,42,42,12,19,,,,,,,,
2018,South Carolina,4.09,1.87,5.96,4,2,6,32,26,15,14,32,20,,,,,,,,
2018,South Dakota,4.62,1.59,6.20,5,2,7,20,10,37,32,21,10,,,,,,,,
2018,Tennessee,3.60,1.89,5.49,4,2,6,45,38,10,7,45,29,,,,,,,,
2018,Texas,3.77,1.84,5.61,4,2,6,37,44,19,19,38,48,,,,,,,,
2018,Utah,4.31,1.68,5.99,5,2,6,27,24,32,31,29,27,,,,,,,,
2018,Vermont,5.90,1.41,7.31,6,1,7,6,5,47,44,6,5,,,,,,,,
2018,Virginia,4.25,1.81,6.06,4,2,6,30,32,22,28,26,41,,,,,,,,
2018,Washington,4.39,1.66,6.04,4,2,6,25,35,34,41,27,50,,,,,,,,
2018,West Virginia,3.74,1.85,5.59,4,2,6,38,29,18,9,39,26,,,,,,,,
2018,Wisconsin,3.18,2.00,5.18,3,2,6,51,51,2,6,51,51,,,,,,,,
2018,Wyoming,6.53,1.02,7.54,7,1,8,3,2,51,49,4,2,,,,,,,,
2019,Alabama,3.31,1.93,5.24,4,2,6,49,49,4,4,49,40,,,,,,,,
2019,Alaska,6.53,1.89,8.42,6,2,8,2,3,6,21,2,2,,,,,,,,
2019,Arizona,3.63,1.84,5.47,4,2,6,44,50,12,17,44,49,,,,,,,,
2019,Arkansas,3.31,1.93,5.24,4,2,6,48,47,5,3,48,35,,,,,,,,
2019,Californa,6.19,1.14,7.33,6,1,7,5,7,48,49,6,15,,,,,,,,
2019,Colorado,4.27,1.70,5.97,4,2,6,30,33,25,31,28,43,,,,,,,,
2019,Conneticut,4.60,1.68,6.28,4,2,6,21,27,28,35,19,31,,,,,,,,
2019,Delaware,4.05,1.82,5.88,4,2,6,33,34,14,18,33,38,,,,,,,,
2019,District of Columbia,5.68,1.45,7.13,5,1,7,7,8,45,46,8,18,,,,,,,,
2019,Florida,3.95,1.74,5.69,4,2,6,35,39,22,27,35,46,,,,,,,,
2019,Georgia,3.59,1.85,5.44,4,2,6,45,44,10,15,45,44,,,,,,,,
2019,Hawaii,5.45,4.39,9.84,5,4,9,9,20,1,1,1,1,,,,,,,,
2019,Idaho,3.69,1.82,5.51,4,2,6,41,38,16,14,42,37,,,,,,,,
2019,Illinois,4.67,1.63,6.30,5,2,6,19,24,33,32,18,24,,,,,,,,
2019,Indiana,3.67,1.87,5.55,4,2,6,42,40,9,10,39,36,,,,,,,,
2019,Iowa,4.41,1.69,6.10,5,2,7,25,21,27,20,25,13,,,,,,,,
2019,Kansas,4.39,1.71,6.09,5,2,7,26,23,24,19,26,16,,,,,,,,
2019,Kentucky,3.50,1.88,5.37,4,2,6,46,42,8,5,46,34,,,,,,,,
2019,Louisiana,3.70,1.84,5.54,4,2,6,40,36,11,9,40,30,,,,,,,,
2019,Maine,4.79,1.52,6.31,5,2,7,16,12,40,36,16,14,,,,,,,,
2019,Maryland,5.26,1.53,6.78,5,1,6,12,14,38,43,12,19,,,,,,,,
2019,Massachussetts,5.42,1.47,6.89,5,1,6,10,11,44,45,10,21,,,,,,,,
2019,Michigan,4.69,1.55,6.24,5,2,7,17,18,37,33,20,17,,,,,,,,
2019,Minnesota,7.04,1.02,8.05,7,1,8,1,1,50,50,3,3,,,,,,,,
2019,Mississippi,3.25,1.94,5.20,4,2,6,50,48,3,2,50,33,,,,,,,,
2019,Missouri,3.65,1.83,5.48,4,2,6,43,41,13,13,43,41,,,,,,,,
2019,Montana,4.83,1.49,6.32,5,2,7,15,10,42,37,15,11,,,,,,,,
2019,Nebraska,4.63,1.59,6.23,5,2,7,20,13,35,28,22,9,,,,,,,,
2019,Nevada,4.69,1.52,6.21,5,2,6,18,22,39,39,23,26,,,,,,,,
2019,New Hampshire,6.30,1.04,7.33,6,1,7,4,4,49,51,5,7,,,,,,,,
2019,New Jersey,4.95,1.66,6.62,4,1,6,14,26,29,41,13,39,,,,,,,,
2019,New Mexico,4.59,1.64,6.24,5,2,7,22,16,31,25,21,10,,,,,,,,
2019,New York,5.67,1.39,7.06,5,1,6,8,9,46,47,9,20,,,,,,,,
2019,North Carolina,3.50,1.88,5.37,4,2,6,47,45,7,8,47,42,,,,,,,,
2019,North Dakota,4.22,1.66,5.88,5,2,6,32,25,30,24,32,25,,,,,,,,
2019,Ohio,5.41,1.47,6.89,6,2,7,11,6,43,38,11,5,,,,,,,,
2019,Oklahoma,3.88,1.79,5.67,4,2,6,36,30,19,11,36,23,,,,,,,,
2019,Oregon,4.26,1.69,5.95,4,2,6,31,35,26,34,30,45,,,,,,,,
2019,Pennsylvania,3.80,1.78,5.59,4,2,6,37,43,20,23,37,47,,,,,,,,
2019,Rhode Island,5.04,1.50,6.54,5,1,6,13,17,41,42,14,22,,,,,,,,
2019,South Carolina,4.48,1.82,6.30,5,2,7,24,19,15,12,17,8,,,,,,,,
2019,South Dakota,4.56,1.56,6.12,5,2,7,23,15,36,29,24,12,,,,,,,,
2019,Tennessee,3.95,1.74,5.69,4,2,6,34,29,23,16,34,28,,,,,,,,
2019,Texas,3.75,1.80,5.55,4,2,6,38,46,18,22,38,48,,,,,,,,
2019,Utah,4.27,1.64,5.91,4,2,6,29,28,32,30,31,29,,,,,,,,
2019,Vermont,5.83,1.38,7.21,6,1,7,6,5,47,44,7,6,,,,,,,,
2019,Virginia,4.28,1.75,6.03,4,2,6,28,31,21,26,27,32,,,,,,,,
2019,Washington,4.34,1.62,5.96,4,2,6,27,37,34,40,29,50,,,,,,,,
2019,West Virginia,3.71,1.81,5.52,4,2,6,39,32,17,7,41,27,,,,,,,,
2019,Wisconsin,3.16,1.96,5.12,3,2,5,51,51,2,6,51,51,,,,,,,,
2019,Wyoming,6.51,0.97,7.48,7,1,8,3,2,51,48,4,4,,,,,,,,
2020,Alabama,3.31,3.09,6.40,4,4,7,49,48,3,5,49,38,,,,,,,,
2020,Alaska,6.49,4.50,10.99,6,4,11,4,4,2,2,2,1,,,,,,,,
2020,Arizona,3.62,3.09,6.71,4,3,7,44,50,3,35,44,50,,,,,,,,
2020,Arkansas,3.31,3.09,6.40,4,3,7,48,49,3,6,48,41,,,,,,,,
2020,Californa,7.49,3.09,10.58,7,3,9,1,3,3,51,3,5,,,,,,,,
2020,Colorado,4.24,3.09,7.33,4,3,7,31,35,3,42,31,45,,,,,,,,
2020,Conneticut,4.59,3.09,7.68,4,3,7,23,29,3,43,23,37,,,,,,,,
2020,Delaware,4.05,3.09,7.14,4,3,7,33,33,3,29,33,33,,,,,,,,
2020,District of Columbia,5.73,3.09,8.82,5,3,8,7,12,3,50,8,22,,,,,,,,
2020,Florida,3.94,3.09,7.03,4,3,7,34,42,3,37,34,47,,,,,,,,
2020,Georgia,3.58,3.09,6.67,4,3,7,45,46,3,26,45,44,,,,,,,,
2020,Hawaii,5.42,6.30,11.72,5,6,10,10,22,1,1,1,4,,,,,,,,
2020,Idaho,3.68,3.09,6.77,4,3,7,41,37,3,12,41,32,,,,,,,,
2020,Illinois,4.70,3.09,7.79,5,3,8,19,24,3,36,19,27,,,,,,,,
2020,Indiana,3.67,3.09,6.76,4,3,7,42,39,3,19,42,36,,,,,,,,
2020,Iowa,4.40,3.09,7.49,5,3,8,26,20,3,9,26,15,,,,,,,,
2020,Kansas,4.37,3.09,7.46,5,3,8,27,23,3,23,27,18,,,,,,,,
2020,Kentucky,3.49,3.09,6.58,4,3,7,46,41,3,7,46,34,,,,,,,,
2020,Louisiana,3.69,3.09,6.78,4,3,7,40,36,3,13,40,31,,,,,,,,
2020,Maine,5.10,3.09,8.19,5,3,8,13,11,3,31,13,12,,,,,,,,
2020,Maryland,5.58,3.09,8.67,5,3,8,9,9,3,45,10,17,,,,,,,,
2020,Massachussetts,5.40,3.09,8.49,5,3,8,12,17,3,47,12,24,,,,,,,,
2020,Michigan,4.67,3.09,7.76,5,3,8,21,18,3,27,21,16,,,,,,,,
2020,Minnesota,7.32,3.09,10.41,7,3,11,2,1,3,33,4,2,,,,,,,,
2020,Mississippi,3.25,3.09,6.34,4,4,7,50,47,3,3,50,35,,,,,,,,
2020,Missouri,3.64,3.09,6.73,4,3,7,43,40,3,21,43,39,,,,,,,,
2020,Montana,4.80,3.09,7.89,5,3,9,17,10,3,18,17,10,,,,,,,,
2020,Nebraska,4.61,3.09,7.70,5,3,8,22,16,3,24,22,14,,,,,,,,
2020,Nevada,4.71,3.09,7.80,5,3,8,18,21,3,30,18,19,,,,,,,,
2020,New Hampshire,6.34,3.09,9.43,6,3,9,5,5,3,44,6,7,,,,,,,,
2020,New Jersey,4.95,3.09,8.04,4,3,7,15,27,3,49,15,40,,,,,,,,
2020,New Mexico,4.58,3.09,7.67,5,3,8,24,15,3,17,24,13,,,,,,,,
2020,New York,5.64,3.09,8.73,5,3,8,8,13,3,48,9,21,,,,,,,,
2020,North Carolina,3.49,3.09,6.58,4,3,7,47,44,3,16,47,42,,,,,,,,
2020,North Dakota,4.21,3.09,7.30,5,3,8,32,26,3,22,32,23,,,,,,,,
2020,Ohio,5.42,3.09,8.51,6,3,9,11,7,3,20,11,6,,,,,,,,
2020,Oklahoma,3.87,3.09,6.96,4,3,8,36,31,3,8,36,28,,,,,,,,
2020,Oregon,4.27,3.09,7.36,4,3,7,29,34,3,41,29,43,,,,,,,,
2020,Pennsylvania,3.79,3.09,6.88,4,3,7,37,43,3,32,37,46,,,,,,,,
2020,Rhode Island,5.01,3.09,8.10,5,3,8,14,19,3,39,14,20,,,,,,,,
2020,South Carolina,4.90,3.09,7.99,5,3,9,16,8,3,14,16,9,,,,,,,,
2020,South Dakota,4.54,3.09,7.63,5,3,8,25,14,3,11,25,11,,,,,,,,
2020,Tennessee,3.93,3.09,7.02,4,3,8,35,30,3,10,35,26,,,,,,,,
2020,Texas,3.76,3.09,6.85,4,3,7,38,45,3,34,38,48,,,,,,,,
2020,Utah,4.25,3.09,7.34,4,3,8,30,28,3,28,30,29,,,,,,,,
2020,Vermont,6.00,3.09,9.09,6,3,9,6,6,3,40,7,8,,,,,,,,
2020,Virginia,4.70,3.09,7.79,5,3,8,20,25,3,38,20,30,,,,,,,,
2020,Washington,4.31,3.09,7.40,4,3,7,28,38,3,46,28,49,,,,,,,,
2020,West Virginia,3.70,3.09,6.79,4,4,8,39,32,3,4,39,25,,,,,,,,
2020,Wisconsin,3.17,3.09,6.26,3,3,7,51,51,3,25,51,51,,,,,,,,
2020,Wyoming,6.50,3.09,9.59,7,3,10,3,2,3,15,5,3,,,,,,,,
2021,Alabama,7.40,3.69,11.08,8,4,13,50,36,4,4,47,24,,,,,,,,
2021,Alaska,10.38,5.13,15.51,10,5,15,4,7,2,2,2,3,,,,,,,,
2021,Arizona,7.69,3.60,11.29,8,4,12,44,47,11,25,42,42,,,,,,,,
2021,Arkansas,7.40,2.38,9.77,8,3,11,49,40,49,49,51,50,,,,,,,,
2021,Californa,11.53,3.50,15.03,10,3,13,1,3,36,48,3,9,,,,,,,,
2021,Colorado,8.27,3.52,11.79,8,3,11,33,45,20,38,31,45,,,,,,,,
2021,Conneticut,8.76,3.50,12.26,9,3,12,19,32,28,39,19,35,,,,,,,,
2021,Delaware,7.97,3.60,11.57,8,4,12,37,42,12,28,35,38,,,,,,,,
2021,District of Columbia,9.65,3.50,13.15,9,3,12,8,29,31,47,9,39,,,,,,,,
2021,Florida,8.00,3.52,11.52,8,3,11,36,50,21,34,36,48,,,,,,,,
2021,Georgia,7.65,3.62,11.27,8,4,12,45,46,9,22,43,40,,,,,,,,
2021,Hawaii,9.37,7.20,16.57,8,6,15,13,39,1,1,1,4,,,,,,,,
2021,Idaho,7.74,2.27,10.01,8,2,11,41,35,50,50,50,51,,,,,,,,
2021,Illinois,8.72,3.51,12.23,9,3,12,20,31,26,35,20,34,,,,,,,,
2021,Indiana,7.74,3.63,11.37,8,4,12,42,38,8,10,39,31,,,,,,,,
2021,Iowa,8.41,3.54,11.96,9,4,13,28,16,19,7,28,14,,,,,,,,
2021,Kansas,8.40,3.51,11.91,9,4,13,29,17,25,17,29,17,,,,,,,,
2021,Kentucky,7.57,3.64,11.20,8,4,13,46,34,7,5,45,25,,,,,,,,
2021,Louisiana,7.76,3.61,11.36,9,4,12,40,33,10,8,40,27,,,,,,,,
2021,Maine,9.24,3.50,12.74,10,4,13,15,12,29,31,15,16,,,,,,,,
2021,Maryland,9.60,3.50,13.10,9,3,12,10,23,48,42,11,29,,,,,,,,
2021,Massachussetts,9.69,3.50,13.19,9,3,12,7,19,36,43,8,28,,,,,,,,
2021,Michigan,8.67,3.50,12.16,9,4,13,23,18,30,26,24,19,,,,,,,,
2021,Minnesota,11.25,3.50,14.74,11,4,15,2,1,36,32,4,2,,,,,,,,
2021,Mississippi,7.54,3.64,11.18,9,4,13,48,27,5,3,46,18,,,,,,,,
2021,Missouri,7.71,3.59,11.31,8,4,12,43,37,14,12,41,30,,,,,,,,
2021,Montana,8.80,3.50,12.30,10,4,13,18,9,36,21,18,11,,,,,,,,
2021,Nebraska,8.69,3.52,12.21,9,4,13,21,14,22,19,22,15,,,,,,,,
2021,Nevada,8.67,3.56,12.23,9,4,13,22,20,15,24,21,22,,,,,,,,
2021,New Hampshire,10.28,3.50,13.78,10,3,13,5,6,36,40,6,10,,,,,,,,
2021,New Jersey,8.94,3.51,12.45,8,3,11,16,41,23,44,16,46,,,,,,,,
2021,New Mexico,8.64,3.50,12.14,10,4,13,24,10,33,13,25,8,,,,,,,,
2021,New York,9.56,3.50,13.06,9,3,12,11,26,36,46,12,37,,,,,,,,
2021,North Carolina,7.57,3.64,11.21,8,4,12,47,43,6,14,44,36,,,,,,,,
2021,North Dakota,8.25,2.12,10.37,9,2,11,34,21,51,51,49,47,,,,,,,,
2021,Ohio,9.39,3.50,12.89,10,4,14,12,4,36,23,13,5,,,,,,,,
2021,Oklahoma,7.93,3.56,11.49,9,4,13,38,24,16,9,37,23,,,,,,,,
2021,Oregon,8.30,3.51,11.81,8,3,11,30,44,24,41,30,44,,,,,,,,
2021,Pennsylvania,8.30,3.50,11.79,9,4,12,31,30,34,29,32,32,,,,,,,,
2021,Rhode Island,9.61,3.50,13.10,9,3,13,9,15,36,37,10,21,,,,,,,,
2021,South Carolina,9.27,3.59,12.87,10,4,14,14,8,13,18,14,6,,,,,,,,
2021,South Dakota,8.60,3.50,12.09,10,4,13,27,11,36,15,27,12,,,,,,,,
2021,Tennessee,8.62,3.56,12.18,9,4,13,26,13,17,11,23,13,,,,,,,,
2021,Texas,7.83,3.56,11.39,8,4,12,39,48,18,30,38,43,,,,,,,,
2021,Utah,8.29,3.50,11.78,9,4,12,32,25,35,27,33,26,,,,,,,,
2021,Vermont,9.92,3.50,13.41,10,4,14,6,5,36,33,7,7,,,,,,,,
2021,Virginia,8.88,3.50,12.38,9,3,12,17,28,27,36,17,33,,,,,,,,
2021,Washington,8.62,3.50,12.12,8,3,11,25,49,36,45,26,49,,,,,,,,
2021,West Virginia,8.22,3.50,11.71,9,4,13,35,22,32,16,34,20,,,,,,,,
2021,Wisconsin,7.26,3.71,10.97,8,4,12,51,51,3,6,48,41,,,,,,,,
2021,Wyoming,10.43,3.50,13.93,11,4,15,3,2,36,20,5,1,,,,,,,,
2022,Alabama,2.80,3.38,6.18,3,4,7,49,46,4,3,35,28,,,,,,,,
2022,Alaska,5.38,5.01,10.40,5,5,10,4,5,2,2,2,2,,,,,,,,
2022,Arizona,3.07,2.22,5.29,3,2,5,44,47,41,44,47,50,,,,,,,,
2022,Arkansas,2.79,2.30,5.09,3,3,6,50,50,36,37,51,48,,,,,,,,
2022,Californa,6.45,3.20,9.66,6,3,9,1,3,26,35,3,4,,,,,,,,
2022,Colorado,3.59,3.23,6.82,3,3,7,33,36,12,24,26,33,,,,,,,,
2022,Conneticut,4.03,3.21,7.23,4,3,7,19,28,19,26,17,27,,,,,,,,
2022,Delaware,3.33,3.30,6.63,3,3,7,37,38,7,16,30,29,,,,,,,,
2022,District of Columbia,4.82,3.20,8.03,4,3,7,8,15,23,34,8,21,,,,,,,,
2022,Florida,3.35,2.13,5.48,3,2,5,36,44,44,50,43,51,,,,,,,,
2022,Georgia,3.03,2.23,5.26,3,2,5,45,48,40,43,48,49,,,,,,,,
2022,Hawaii,4.56,6.88,11.43,4,6,10,13,24,1,1,1,1,,,,,,,,
2022,Idaho,3.11,2.21,5.31,3,2,6,41,39,43,40,45,45,,,,,,,,
2022,Illinois,3.99,3.22,7.21,4,3,7,20,26,16,22,18,24,,,,,,,,
2022,Indiana,3.10,2.25,5.35,3,2,6,42,42,39,39,44,46,,,,,,,,
2022,Iowa,3.68,2.10,5.79,4,2,6,29,21,45,42,41,40,,,,,,,,
2022,Kansas,3.69,3.22,6.92,4,4,8,28,23,14,9,24,13,,,,,,,,
2022,Kentucky,2.95,2.25,5.21,3,3,6,46,43,38,38,49,44,,,,,,,,
2022,Louisiana,3.13,3.31,6.44,3,4,7,40,37,6,5,33,26,,,,,,,,
2022,Maine,4.42,3.21,7.63,5,3,8,15,11,18,19,14,10,,,,,,,,
2022,Maryland,4.76,3.20,7.96,4,3,7,10,12,35,29,10,16,,,,,,,,
2022,Massachussetts,4.86,3.20,8.07,5,3,8,7,10,26,30,7,15,,,,,,,,
2022,Michigan,3.95,3.20,7.15,4,3,8,21,20,22,14,19,14,,,,,,,,
2022,Minnesota,6.20,3.20,9.40,6,3,10,2,1,26,20,4,3,,,,,,,,
2022,Mississippi,2.93,2.26,5.19,3,3,6,48,40,37,36,50,43,,,,,,,,
2022,Missouri,3.09,2.21,5.30,3,2,6,43,41,42,41,46,47,,,,,,,,
2022,Montana,4.07,1.93,6.00,4,2,7,18,13,50,49,37,35,,,,,,,,
2022,Nebraska,3.92,2.01,5.93,4,2,6,22,18,47,46,38,39,,,,,,,,
2022,Nevada,3.88,3.27,7.15,4,3,7,26,22,9,13,20,17,,,,,,,,
2022,New Hampshire,5.32,3.20,8.53,5,3,8,5,4,26,28,5,7,,,,,,,,
2022,New Jersey,4.17,3.22,7.40,4,3,7,16,30,13,31,15,30,,,,,,,,
2022,New Mexico,3.91,3.21,7.12,4,4,8,23,14,20,7,21,9,,,,,,,,
2022,New York,4.74,3.20,7.95,4,3,7,11,16,26,33,11,19,,,,,,,,
2022,North Carolina,2.95,3.34,6.29,3,4,7,47,49,5,8,34,31,,,,,,,,
2022,North Dakota,3.57,2.07,5.64,4,2,6,34,27,46,45,42,42,,,,,,,,
2022,Ohio,4.58,3.20,7.78,5,3,8,12,7,26,12,12,5,,,,,,,,
2022,Oklahoma,3.28,3.27,6.55,4,4,7,38,33,10,6,31,20,,,,,,,,
2022,Oregon,3.62,3.22,6.84,4,3,7,30,35,15,27,25,32,,,,,,,,
2022,Pennsylvania,3.61,3.20,6.82,4,3,7,31,32,24,17,27,25,,,,,,,,
2022,Rhode Island,4.77,3.20,7.97,5,3,8,9,9,26,25,9,11,,,,,,,,
2022,South Carolina,4.46,3.30,7.76,5,4,8,14,8,8,11,13,8,,,,,,,,
2022,South Dakota,3.89,1.97,5.86,4,2,7,25,17,49,47,39,37,,,,,,,,
2022,Tennessee,3.85,1.98,5.84,4,2,6,27,19,48,48,40,41,,,,,,,,
2022,Texas,3.20,3.26,6.46,3,3,7,39,45,11,18,32,34,,,,,,,,
2022,Utah,3.61,3.20,6.81,4,3,7,32,31,25,15,28,22,,,,,,,,
2022,Vermont,5.05,3.20,8.26,5,3,8,6,6,26,21,6,6,,,,,,,,
2022,Virginia,4.11,3.21,7.32,4,3,7,17,25,17,23,16,23,,,,,,,,
2022,Washington,3.90,3.20,7.10,4,3,7,24,34,26,32,22,36,,,,,,,,
2022,West Virginia,3.54,3.21,6.75,4,4,7,35,29,21,10,29,18,,,,,,,,
2022,Wisconsin,2.67,3.40,6.07,3,4,6,51,51,3,4,36,38,,,,,,,,
2022,Wyoming,5.52,1.48,7.00,6,2,8,3,2,51,51,23,12,,,,,,,,